customer_id,first_name,last_name,email,phone,city,state,country,is_prime_member,created_timestamp,updated_timestamp,is_active
1,Isaac,Bakshi,yash32@example.net,+918196001338,Kishanganj,Gujarat,India,N,2022-12-12 21:26:47,2022-12-18 21:26:47,Y
2,Oni,Kannan,zmall@example.org,+916542351161,Hapur,Punjab,India,Y,2023-03-10 12:42:06,2023-09-14 12:42:06,Y
3,Aishani,Bassi,hyadav@example.com,+918495931034,Muzaffarpur,West Bengal,India,N,2026-08-22 09:28:35,2026-09-13 09:28:35,Y
4,Harrison,Rai,sudiksha52@example.com,03419283276,Proddatur,Haryana,India,Y,2022-10-19 02:25:25,2022-12-13 02:25:25,Y
5,Ekta,Bhalla,azadmutti@example.com,01395376724,Shahjahanpur,Telangana,India,Y,2022-03-24 10:39:55,2022-08-14 10:39:55,Y
6,Adya,Sangha,opathak@example.org,7101226916,Kavali,Manipur,India,Y,2026-08-21 01:46:55,2026-12-06 01:46:55,Y
7,Zayan,Apte,yadavamara@example.net,01462704828,Bihar Sharif,Uttarakhand,India,Y,2024-05-14 07:24:09,2024-05-15 07:24:09,Y
8,Yashica,Issac,kashviedwin@example.net,0957015430,Tezpur,Assam,India,Y,2024-11-23 02:55:03,2025-02-02 02:55:03,Y
9,Frederick,Sunder,waliajeremiah@example.org,7824896383,Silchar,Sikkim,India,Y,2024-11-11 18:18:31,2024-12-07 18:18:31,Y
10,Kashvi,Sarma,pdara@example.org,+915098393010,Jabalpur,Arunachal Pradesh,India,N,2025-01-20 07:26:32,2025-04-18 07:26:32,Y
11,Ganga,Bobal,aryasunder@example.org,2997376311,Raichur,Maharashtra,India,Y,2025-11-28 09:12:06,2026-04-14 09:12:06,N
12,Nirja,Sibal,chaudharidarsh@example.com,5133387262,Surendranagar Dudhrej,Haryana,India,N,2025-03-22 01:34:09,2025-04-11 01:34:09,Y
13,Faqid,Savant,bedialexander@example.org,+912677360260,Bilaspur,Uttar Pradesh,India,Y,2025-01-28 13:27:43,2025-06-24 13:27:43,Y
14,Suhani,Mangal,jsur@example.org,03098050097,Howrah,Mizoram,India,Y,2022-05-23 08:54:49,2022-11-08 08:54:49,Y
15,Faris,Grewal,birwahab@example.com,+919399091699,Bhilwara,Gujarat,India,Y,2022-09-05 21:43:15,2022-11-03 21:43:15,Y
16,Dipta,Khare,meghana24@example.com,01079911838,Mira-Bhayandar,Kerala,India,N,2025-11-09 16:43:21,2026-04-20 16:43:21,Y
17,Ekapad,Konda,bhavani27@example.net,4980841241,Begusarai,Chhattisgarh,India,N,2025-01-08 18:54:13,2025-03-02 18:54:13,Y
18,Anita,Manda,hemaljani@example.net,4874016400,Bikaner,Rajasthan,India,Y,2022-08-10 20:09:25,2023-01-12 20:09:25,Y
19,Adweta,Edwin,jsane@example.org,+911280598262,Aizawl,Kerala,India,N,2024-01-31 14:25:32,2024-03-12 14:25:32,Y
20,Balveer,Parmar,zaidchauhan@example.com,6923226025,Kulti,Himachal Pradesh,India,N,2023-11-14 07:41:38,2024-05-07 07:41:38,Y
21,Nathaniel,Chokshi,ebarad@example.org,+917543303654,Alwar,Kerala,India,Y,2022-06-23 19:02:08,2022-08-20 19:02:08,Y
22,Yashodhara,Ratta,ayaan14@example.org,4019655698,Kharagpur,Odisha,India,Y,2025-05-31 09:00:53,2025-08-07 09:00:53,Y
23,Ranveer,Kumar,sarinaarav@example.net,3561595148,Alappuzha,Karnataka,India,N,2024-09-04 16:05:01,2024-10-28 16:05:01,Y
24,Neha,Merchant,rehaansalvi@example.net,02994680443,Adoni,Punjab,India,N,2025-11-26 14:28:26,2026-01-01 14:28:26,Y
25,Ekanta,Shroff,rsathe@example.org,7214895134,Davanagere,Chhattisgarh,India,N,2026-08-02 13:03:34,2026-10-08 13:03:34,Y
26,Aryan,Batra,vaishnavibora@example.com,09367632016,Belgaum,Uttar Pradesh,India,Y,2025-05-25 21:27:37,2025-08-25 21:27:37,N
27,Zarna,Shetty,krishjairaj@example.com,+917889579868,Kozhikode,Telangana,India,N,2023-03-06 18:45:44,2023-07-14 18:45:44,Y
28,Vaishnavi,Sengupta,yug48@example.com,3471434558,Durgapur,Chhattisgarh,India,Y,2022-05-27 09:15:05,2022-06-24 09:15:05,Y
29,Vihaan,Rajagopal,tanishbhatt@example.com,05876036690,Morena,Andhra Pradesh,India,Y,2025-08-04 14:31:42,2026-01-03 14:31:42,Y
30,Indira,Misra,isaini@example.net,8937346706,Machilipatnam,Telangana,India,N,2025-12-25 04:19:44,2026-05-09 04:19:44,N
31,Noah,Sibal,aviramesh@example.net,0162720465,Malda,Karnataka,India,Y,2022-02-05 16:05:13,2022-07-29 16:05:13,Y
32,Geetika,Raghavan,oviya41@example.com,+918053100330,Mathura,Chhattisgarh,India,N,2026-07-27 07:24:35,2027-02-04 07:24:35,Y
33,Urvashi,Contractor,udyatikunda@example.com,+919912419049,Sikar,Tamil Nadu,India,N,2024-11-22 21:19:18,2024-12-20 21:19:18,Y
34,Rushil,Borra,harshmitra@example.net,1905865185,Bidar,Uttarakhand,India,N,2025-11-10 16:05:30,2025-11-10 16:05:30,N
35,Vrishti,Cherian,opathak@example.com,2628498776,North Dumdum,West Bengal,India,Y,2023-07-10 01:14:59,2023-11-16 01:14:59,Y
36,Yatan,Chadha,shravya37@example.net,6507527354,Parbhani,Punjab,India,Y,2024-07-16 05:39:22,2024-12-26 05:39:22,Y
37,Anya,Anne,frederickkhurana@example.net,07837770143,Latur,Jharkhand,India,Y,2023-05-17 21:58:09,2023-10-02 21:58:09,Y
38,Jyoti,Solanki,pavani85@example.com,7444313518,Nellore,Gujarat,India,Y,2026-02-27 01:04:56,2026-03-03 01:04:56,N
39,Veda,Malhotra,harish34@example.org,02408240084,Pallavaram,Bihar,India,Y,2024-08-13 09:54:55,2024-10-13 09:54:55,Y
40,Advik,Mane,csrinivas@example.com,+910471167190,Jalgaon,Uttar Pradesh,India,N,2022-09-02 16:33:04,2022-09-23 16:33:04,Y
41,Daksha,Chada,jagatsaha@example.net,9386774964,Phagwara,Telangana,India,Y,2026-07-14 01:27:02,2027-01-26 01:27:02,Y
42,Hardik,Johal,aishanibumb@example.org,+912812067974,Ahmednagar,Jharkhand,India,Y,2026-01-16 15:37:21,2026-06-05 15:37:21,Y
43,Barkha,Setty,kauraishani@example.net,3618324210,Aizawl,Punjab,India,Y,2025-08-07 15:27:05,2025-09-30 15:27:05,Y
44,Bhavya,Sarna,sidhudaksha@example.net,04887719065,Indore,Assam,India,N,2025-05-24 15:01:19,2025-11-11 15:01:19,Y
45,Veer,Bail,banjeet27@example.net,7429671756,Pondicherry,Sikkim,India,Y,2026-05-28 01:15:07,2026-09-20 01:15:07,Y
46,Henry,Dyal,nisha74@example.net,08071545168,Hosur,Manipur,India,Y,2022-07-18 22:07:01,2022-10-12 22:07:01,Y
47,Odika,Bhagat,zarnapathak@example.net,07034824771,Narasaraopet,Uttar Pradesh,India,Y,2023-12-16 22:35:53,2024-05-14 22:35:53,Y
48,Wriddhish,Dutt,akshay86@example.org,+911712748467,Latur,Manipur,India,Y,2022-07-02 21:56:46,2022-08-29 21:56:46,N
49,Maanav,Rajagopal,yashodadeshpande@example.org,06584044997,Amroha,Nagaland,India,Y,2024-10-23 14:32:03,2024-11-10 14:32:03,Y
50,Veda,Pai,krishna75@example.org,3963605766,Shimla,Arunachal Pradesh,India,Y,2026-02-17 03:07:42,2026-04-12 03:07:42,Y
51,Jonathan,Thakkar,harish71@example.net,00262174596,Ozhukarai,West Bengal,India,N,2026-01-08 12:54:23,2026-03-11 12:54:23,Y
52,Lajita,Nadig,nbanik@example.org,+914316117240,Anantapur,Uttar Pradesh,India,Y,2023-08-15 13:59:33,2023-09-08 13:59:33,Y
53,Daksh,Memon,kavya62@example.org,6922219693,Ballia,Chhattisgarh,India,N,2025-01-05 18:20:29,2025-04-23 18:20:29,Y
54,Vincent,Shenoy,tripti40@example.com,08217594647,Davanagere,Madhya Pradesh,India,Y,2022-06-18 07:17:46,2022-12-07 07:17:46,Y
55,Vasudha,Chhabra,lakshmiparmer@example.net,04064090974,Medininagar,Uttar Pradesh,India,Y,2024-11-20 04:14:08,2024-12-17 04:14:08,Y
56,Indira,Kanda,zashildevan@example.net,+910470952145,Akola,Gujarat,India,Y,2026-07-25 04:21:50,2026-11-16 04:21:50,Y
57,Kevin,Zacharia,yachana42@example.com,04517123685,Tenali,Andhra Pradesh,India,Y,2024-05-15 09:49:53,2024-09-10 09:49:53,Y
58,Aishani,Yadav,shajyoti@example.net,4965137098,Phagwara,Haryana,India,Y,2022-08-23 05:06:17,2022-12-14 05:06:17,Y
59,Dev,Shetty,nilima12@example.org,+914711382675,Dharmavaram,Telangana,India,Y,2026-08-07 13:09:28,2026-08-10 13:09:28,N
60,Mohammed,Sachdeva,surinikita@example.com,+915377351585,Sikar,Himachal Pradesh,India,N,2024-01-05 09:43:56,2024-02-16 09:43:56,Y
61,Ranveer,Das,qchand@example.org,9005329318,Dharmavaram,Gujarat,India,Y,2023-10-27 02:09:12,2024-02-06 02:09:12,Y
62,Viraj,Narasimhan,aarnavmalhotra@example.org,+918421020539,Pune,Goa,India,N,2022-01-07 16:42:58,2022-04-16 16:42:58,N
63,Alka,Ben,oviyavora@example.org,1775891783,Saharsa,Jharkhand,India,N,2025-11-14 15:52:59,2026-01-26 15:52:59,Y
64,Tara,Balasubramanian,srinivasneelima@example.com,1771159212,Bhimavaram,Nagaland,India,Y,2026-02-21 00:51:03,2026-04-01 00:51:03,Y
65,Ekta,Raj,sudiksha89@example.com,+911836736576,Bareilly,Karnataka,India,Y,2022-07-01 16:49:49,2022-11-26 16:49:49,Y
66,Prisha,Munshi,kavya27@example.org,+911161528098,Bhilai,Maharashtra,India,N,2022-06-27 14:33:06,2022-07-09 14:33:06,Y
67,Irya,Sampath,manidevika@example.com,+919832731585,Alwar,Odisha,India,Y,2026-07-09 03:38:07,2026-08-18 03:38:07,N
68,Upkaar,Sanghvi,lokeayush@example.org,04550229612,Mysore,Telangana,India,Y,2022-09-06 21:32:37,2022-10-23 21:32:37,Y
69,Tanveer,Puri,vsetty@example.org,04599102290,Darbhanga,Manipur,India,Y,2024-01-01 18:04:25,2024-04-13 18:04:25,N
70,Panini,Sunder,rsachdeva@example.org,1561497840,Tenali,Punjab,India,Y,2024-02-04 23:08:49,2024-07-01 23:08:49,Y
71,Christopher,Amble,charvikakar@example.org,04510762268,Orai,Nagaland,India,N,2025-07-26 11:40:30,2026-01-10 11:40:30,N
72,Irya,Bora,bbasak@example.org,01596966416,Anantapur,Goa,India,N,2023-09-27 14:40:11,2024-03-16 14:40:11,Y
73,Triveni,Pathak,sarkarhitesh@example.org,09681645352,Sasaram,Rajasthan,India,N,2025-05-14 15:55:54,2025-06-16 15:55:54,Y
74,Ishaan,Wali,ikshitapanchal@example.net,2312432921,Kumbakonam,Manipur,India,N,2022-08-14 09:12:24,2022-08-16 09:12:24,Y
75,Saumya,Naidu,matthew71@example.com,04490581477,Howrah,Kerala,India,Y,2022-11-07 15:08:33,2022-11-25 15:08:33,Y
76,Bhavini,Bose,tripathileena@example.com,8079359782,Hospet,Bihar,India,Y,2023-02-16 12:40:38,2023-05-16 12:40:38,Y
77,Hemal,Chad,balveerkota@example.net,07889255466,Khora ,Arunachal Pradesh,India,Y,2025-02-22 01:56:13,2025-05-05 01:56:13,Y
78,Gaurika,Bhatti,girindra86@example.com,09251925462,Tirupati,Nagaland,India,N,2026-08-15 17:16:00,2027-02-11 17:16:00,Y
79,Krisha,Narasimhan,giriksampath@example.net,00542357332,Solapur,Jharkhand,India,N,2026-07-02 08:40:36,2026-07-04 08:40:36,N
80,Harrison,Tripathi,nayarkaran@example.net,02229270653,Phagwara,Jharkhand,India,N,2022-11-18 19:58:09,2022-12-22 19:58:09,Y
81,Saumya,Kaur,dayamaisingh@example.org,09774688623,Chandrapur,Arunachal Pradesh,India,Y,2022-11-29 13:10:50,2023-06-07 13:10:50,Y
82,Vasana,Prabhu,vartyjeet@example.com,+912478261375,Vijayanagaram,Arunachal Pradesh,India,N,2023-10-17 09:41:06,2024-04-17 09:41:06,Y
83,Meghana,Thakkar,warinder61@example.com,+910515220472,Sultan Pur Majra,Punjab,India,N,2024-03-31 04:03:58,2024-08-07 04:03:58,Y
84,Abdul,Buch,kundatanveer@example.org,9861434103,Berhampore,Assam,India,N,2022-06-07 19:50:24,2022-06-30 19:50:24,Y
85,Indrajit,Tata,varmawyatt@example.net,+914609539621,Jabalpur,Mizoram,India,N,2022-05-17 23:20:50,2022-05-17 23:20:50,Y
86,Yashica,Tripathi,ramakrishnanupma@example.org,6540515319,Guntur,Arunachal Pradesh,India,N,2024-03-24 20:48:01,2024-05-04 20:48:01,Y
87,Indira,Nigam,ucchalsrinivas@example.net,+912170430305,Kottayam,Madhya Pradesh,India,Y,2025-08-21 18:38:52,2026-01-11 18:38:52,Y
88,Urvashi,Kulkarni,halderbhavika@example.com,+915415667652,Mehsana,Kerala,India,Y,2023-04-09 02:17:35,2023-08-26 02:17:35,Y
89,Zilmil,Loke,samrafarhan@example.com,2845115447,Rourkela,Tamil Nadu,India,N,2026-09-13 15:15:26,2026-10-20 15:15:26,Y
90,Sachi,Panchal,ubasak@example.com,6401658202,Visakhapatnam,Chhattisgarh,India,Y,2024-08-15 17:24:30,2024-11-16 17:24:30,Y
91,Ekalinga,Keer,janaki69@example.org,2755719285,Satara,Rajasthan,India,Y,2023-10-15 16:26:30,2024-04-06 16:26:30,Y
92,Arya,Krish,balquincy@example.com,6814473947,Bhilai,Chhattisgarh,India,N,2025-01-03 20:11:24,2025-07-21 20:11:24,N
93,Ethan,Seth,saichahal@example.net,05188442258,Bhilai,Gujarat,India,Y,2023-04-26 04:19:55,2023-06-25 04:19:55,N
94,Liam,Khalsa,xbal@example.net,5782911467,Alappuzha,Uttarakhand,India,Y,2023-07-05 01:58:53,2023-10-18 01:58:53,Y
95,Ethan,Dass,ethan77@example.net,5289226801,Avadi,Goa,India,N,2024-10-29 01:32:36,2025-05-17 01:32:36,Y
96,Neel,Naidu,hiralvenkataraman@example.com,+914384249818,Guntakal,Odisha,India,Y,2024-02-11 00:41:26,2024-04-19 00:41:26,Y
97,Mitesh,Garg,benjamin01@example.org,9439690784,Karawal Nagar,Haryana,India,Y,2022-12-02 20:11:38,2023-03-09 20:11:38,Y
98,Nidra,Mishra,sbora@example.org,+917677359255,Silchar,Chhattisgarh,India,N,2023-11-23 01:51:36,2024-01-13 01:51:36,Y
99,Kamala,Varma,nagarwyatt@example.com,+914732104696,Kozhikode,Uttarakhand,India,Y,2023-12-09 02:44:59,2024-02-04 02:44:59,Y
100,Falak,Munshi,nathanieltara@example.net,07470168733,Nashik,Arunachal Pradesh,India,N,2025-05-22 23:46:37,2025-08-14 23:46:37,Y
101,Baghyawati,Talwar,imangal@example.org,+916245650609,Mirzapur,Nagaland,India,N,2024-05-17 05:04:05,2024-08-14 05:04:05,Y
102,Bhavya,Borah,cthaman@example.net,09912165585,Davanagere,Punjab,India,Y,2026-07-24 23:08:34,2026-10-16 23:08:34,Y
103,Yashodhara,Ratti,bathbalvan@example.org,5787298259,Ujjain,Madhya Pradesh,India,N,2024-03-22 13:37:00,2024-05-06 13:37:00,Y
104,Chandani,Nayar,emistry@example.org,05169409749,Faridabad,Odisha,India,N,2025-09-12 03:25:20,2025-12-09 03:25:20,Y
105,Varsha,Garde,rdivan@example.org,+919130756263,Orai,Tripura,India,N,2026-05-08 22:28:02,2026-06-06 22:28:02,Y
106,Urishilla,Bhatia,zilmiljohal@example.net,07865278585,Phagwara,Meghalaya,India,Y,2023-08-14 13:18:02,2023-10-18 13:18:02,Y
107,Rehaan,Koshy,chanchal34@example.com,3757584419,Tenali,Uttarakhand,India,Y,2022-01-06 06:06:38,2022-05-19 06:06:38,Y
108,Hemani,Dhingra,brijesh41@example.com,04733848421,Latur,Arunachal Pradesh,India,N,2022-08-06 09:37:30,2023-01-23 09:37:30,Y
109,Upkaar,Kaul,chaudhryodika@example.com,7120826773,Pondicherry,Jharkhand,India,N,2023-01-23 04:44:13,2023-07-26 04:44:13,Y
110,Daniel,Chakraborty,baljiwangill@example.com,+910672400499,Thanjavur,Jharkhand,India,N,2025-06-22 19:58:57,2025-09-13 19:58:57,Y
111,Suhani,Viswanathan,gdesai@example.com,03152742054,Akola,Punjab,India,Y,2026-09-19 11:59:27,2026-10-21 11:59:27,Y
112,Nidra,Sane,gabriel61@example.org,+917530463745,Ballia,Telangana,India,Y,2025-03-23 23:07:15,2025-09-12 23:07:15,Y
113,Advay,Lal,warinder01@example.com,02684145933,Morena,Chhattisgarh,India,Y,2024-07-24 00:26:57,2024-11-04 00:26:57,Y
114,Suhani,Prakash,wsinha@example.net,3391878519,Ghaziabad,Uttarakhand,India,N,2023-10-16 00:21:24,2024-02-03 00:21:24,Y
115,Yashasvi,Jain,niteshnarang@example.net,01397187072,Sirsa,Odisha,India,Y,2025-10-05 17:49:26,2026-03-26 17:49:26,Y
116,Dalbir,Shere,anthony64@example.org,3910651801,Patna,Jharkhand,India,Y,2023-06-12 05:06:26,2023-11-27 05:06:26,Y
117,Nilima,Gole,oshaprasad@example.com,06618251286,Rajahmundry,Uttarakhand,India,Y,2024-11-07 09:26:53,2024-11-30 09:26:53,Y
118,Aarush,Bajaj,ubika86@example.net,03375243106,New Delhi,Gujarat,India,Y,2023-11-29 22:25:19,2024-01-18 22:25:19,Y
119,Ekalinga,Chaudhuri,sekhonchanakya@example.org,0673830284,Ramgarh,Karnataka,India,Y,2024-01-31 16:46:59,2024-05-31 16:46:59,Y
120,Ekani,Khalsa,luke83@example.com,04089268705,Loni,Karnataka,India,N,2023-08-28 02:08:30,2024-02-27 02:08:30,Y
121,Omaja,Rege,charitapuri@example.org,7334270866,Munger,Haryana,India,Y,2024-01-29 00:47:55,2024-03-06 00:47:55,Y
122,Aadhya,Jani,farhan75@example.org,3046990139,Nangloi Jat,Gujarat,India,N,2022-11-28 03:43:29,2023-06-15 03:43:29,Y
123,Gaurangi,Mitter,kakarranveer@example.net,+917393638546,Deoghar,Rajasthan,India,Y,2026-05-29 05:43:45,2026-09-24 05:43:45,Y
124,Jagrati,Morar,jagvi87@example.com,+917535560932,Bhilwara,Nagaland,India,Y,2023-01-13 01:09:11,2023-05-09 01:09:11,Y
125,Omisha,Merchant,rohannarayan@example.org,09378547772,Gulbarga,Chhattisgarh,India,N,2026-07-09 04:03:48,2026-11-29 04:03:48,N
126,Vrinda,Gour,viswanathanbahadurjit@example.org,0062312038,Dindigul,Arunachal Pradesh,India,N,2025-10-07 00:39:59,2026-03-12 00:39:59,Y
127,Vasudha,Sura,ahujanisha@example.org,+918484086211,New Delhi,Gujarat,India,Y,2026-08-30 04:17:37,2026-12-22 04:17:37,Y
128,Zayyan,Pandya,mekhala15@example.com,09334101666,Pimpri-Chinchwad,Rajasthan,India,N,2026-01-14 18:17:28,2026-05-09 18:17:28,Y
129,Aditya,Garg,tataradha@example.net,09180339740,Parbhani,Nagaland,India,N,2024-05-11 13:49:58,2024-11-23 13:49:58,Y
130,Bachittar,Gola,amol39@example.org,6142939685,Kolhapur,Uttar Pradesh,India,Y,2024-05-03 03:28:10,2024-08-23 03:28:10,Y
131,Farhan,Tella,chatresh16@example.org,+915999650477,Raurkela Industrial Township,Nagaland,India,N,2023-12-30 13:06:31,2024-03-08 13:06:31,Y
132,Keya,Sankaran,lajitachada@example.net,03114262655,Mysore,Andhra Pradesh,India,Y,2026-08-06 04:40:08,2026-08-26 04:40:08,Y
133,Darika,Saxena,anamika12@example.org,+916788861015,Kavali,Punjab,India,Y,2025-04-05 01:10:53,2025-09-29 01:10:53,Y
134,Ekta,Rajan,manneodika@example.com,+918398262244,Kumbakonam,Chhattisgarh,India,N,2022-07-19 13:15:01,2022-11-02 13:15:01,Y
135,Dev,Ganesh,amajumdar@example.com,01543799371,Avadi,Andhra Pradesh,India,Y,2025-12-18 13:50:03,2026-04-03 13:50:03,Y
136,Meghana,Natarajan,cnarayan@example.com,09245937526,Jalna,Telangana,India,Y,2025-07-29 08:10:17,2025-11-05 08:10:17,Y
137,Vritti,Kibe,krisha46@example.com,+919398280737,Coimbatore,Uttarakhand,India,Y,2025-03-27 19:15:55,2025-07-27 19:15:55,N
138,Nilima,Tata,chavvikhurana@example.com,2661797968,Tinsukia,Arunachal Pradesh,India,N,2024-07-16 18:10:23,2025-01-24 18:10:23,Y
139,Jagvi,Yadav,choprayuvraj@example.net,5290965610,Rampur,Haryana,India,Y,2025-07-25 20:29:28,2025-12-09 20:29:28,Y
140,Yashvi,Venkataraman,sanayaprasad@example.com,09825071461,Ajmer,Kerala,India,N,2024-04-27 23:31:55,2024-08-16 23:31:55,Y
141,Devika,Oza,hjhaveri@example.com,07177514010,Moradabad,Sikkim,India,N,2024-11-10 07:38:06,2025-04-30 07:38:06,Y
142,Nitesh,Kohli,nathanielnarayanan@example.net,07362266093,Guntakal,Maharashtra,India,Y,2025-12-23 03:08:07,2026-01-24 03:08:07,N
143,Lopa,Agrawal,sameshmallick@example.net,+919182553714,Dehri,Rajasthan,India,N,2022-03-26 04:52:31,2022-04-16 04:52:31,Y
144,Dhriti,Rama,wcomar@example.com,09249912513,Bhiwandi,Goa,India,Y,2025-12-05 10:43:53,2026-01-20 10:43:53,Y
145,Kashvi,Dhaliwal,msahota@example.org,6627828274,Gaya,Karnataka,India,N,2024-10-14 01:11:02,2024-12-07 01:11:02,Y
146,Shravya,Bera,aditya72@example.org,08876767721,Muzaffarnagar,Jharkhand,India,N,2025-03-23 21:41:58,2025-06-02 21:41:58,Y
147,Bachittar,Maharaj,bhavyaganguly@example.com,7881914858,Gandhidham,Nagaland,India,Y,2022-09-12 11:22:16,2023-01-10 11:22:16,Y
148,Tejas,Sandal,kotachameli@example.org,04517133959,Dehradun,Punjab,India,Y,2022-06-11 19:47:02,2022-09-08 19:47:02,Y
149,Liam,Jhaveri,danielpanchal@example.net,09825449481,Bulandshahr,Arunachal Pradesh,India,Y,2022-05-06 01:51:51,2022-11-15 01:51:51,N
150,Aradhana,Date,zaiddhingra@example.net,03672946671,Sambhal,Mizoram,India,Y,2023-09-12 09:24:35,2023-09-17 09:24:35,Y
151,Arunima,Pillay,usura@example.net,+911751863637,North Dumdum,Uttarakhand,India,Y,2026-01-11 07:16:19,2026-07-01 07:16:19,Y
152,Bhanumati,Nazareth,vedhikaoza@example.net,+910170127706,Mira-Bhayandar,Rajasthan,India,N,2023-11-09 04:36:51,2024-03-07 04:36:51,Y
153,Chasmum,Dutt,girik54@example.org,02064361103,Solapur,Chhattisgarh,India,Y,2023-06-06 07:15:55,2023-11-08 07:15:55,Y
154,Upkaar,Venkataraman,aandra@example.net,01627136111,Arrah,Jharkhand,India,Y,2023-05-24 19:15:48,2023-08-11 19:15:48,Y
155,Laksh,Raja,lukebiswas@example.net,0927532697,Chandigarh,Bihar,India,N,2024-08-27 05:13:05,2025-01-21 05:13:05,Y
156,Logan,Dasgupta,bpanchal@example.com,+913413899940,Tiruppur,Mizoram,India,Y,2023-09-09 04:32:24,2023-09-28 04:32:24,Y
157,Yashodhara,Gulati,pmerchant@example.org,+917613791805,Mira-Bhayandar,Madhya Pradesh,India,Y,2024-07-25 23:38:04,2025-01-16 23:38:04,Y
158,Osha,Pau,urishillabora@example.org,1043006848,Bhusawal,Tamil Nadu,India,N,2022-05-08 14:20:11,2022-08-04 14:20:11,Y
159,Neelima,Butala,arunimachacko@example.com,+918328569146,Howrah,Haryana,India,N,2022-08-03 05:47:12,2022-12-10 05:47:12,Y
160,Gabriel,Saraf,settychristopher@example.com,2102027588,Rourkela,Kerala,India,Y,2025-07-29 01:50:59,2025-12-01 01:50:59,Y
161,Jonathan,Luthra,balangautami@example.com,08149177850,Tezpur,Goa,India,N,2025-01-30 06:41:50,2025-07-11 06:41:50,Y
162,Jhalak,Dugar,harshil91@example.org,8000307562,Vadodara,Nagaland,India,N,2025-09-15 00:16:30,2025-10-30 00:16:30,Y
163,Oni,Kapur,yuvraj65@example.com,+919518023806,Kirari Suleman Nagar,West Bengal,India,N,2026-07-31 01:04:49,2027-02-14 01:04:49,Y
164,Barkha,Mukhopadhyay,gabriel87@example.org,03494937597,Bongaigaon,Tripura,India,Y,2024-04-13 21:01:19,2024-07-04 21:01:19,Y
165,Yatan,Dora,routarjun@example.org,5050641383,Pallavaram,Arunachal Pradesh,India,N,2022-09-27 06:03:14,2022-12-07 06:03:14,Y
166,Lucky,Mammen,bassivincent@example.net,05719182619,Raebareli,Sikkim,India,N,2025-12-14 19:10:29,2026-05-08 19:10:29,Y
167,Kalpit,Khalsa,advika56@example.net,5574313291,Aligarh,Goa,India,Y,2026-03-16 18:09:50,2026-06-07 18:09:50,Y
168,Shivani,Shukla,niharika18@example.com,+917474112490,Khammam,Chhattisgarh,India,N,2025-01-07 09:40:00,2025-03-14 09:40:00,Y
169,Gavin,Kothari,meghana80@example.net,04206788317,Kolhapur,Bihar,India,Y,2024-05-08 08:04:41,2024-09-27 08:04:41,Y
170,Advik,Bhatia,kalpithora@example.com,01994101372,Bathinda,Bihar,India,Y,2023-08-17 14:11:59,2023-09-07 14:11:59,Y
171,Brijesh,Shenoy,gangulyrachita@example.net,07066253244,Jalgaon,Arunachal Pradesh,India,Y,2026-02-26 23:00:17,2026-07-18 23:00:17,Y
172,Yatan,Merchant,jsabharwal@example.com,+911462638380,Secunderabad,Meghalaya,India,Y,2026-03-05 22:17:28,2026-06-27 22:17:28,Y
173,Vedhika,Padmanabhan,lipika42@example.org,09304078593,Salem,Haryana,India,Y,2023-11-20 11:25:31,2024-03-02 11:25:31,Y
174,Wridesh,Lata,kandalipika@example.com,+912395590599,Phusro,Gujarat,India,N,2025-02-20 12:09:33,2025-06-21 12:09:33,Y
175,Waida,More,vrittibarad@example.org,+913930870593,Mau,Tamil Nadu,India,N,2026-09-06 23:56:20,2026-11-29 23:56:20,Y
176,Peter,Naik,bainsmanbir@example.net,2185156915,North Dumdum,Chhattisgarh,India,N,2024-04-21 16:59:34,2024-07-08 16:59:34,Y
177,Nakul,Sarkar,lnadig@example.net,9539264422,Chapra,Madhya Pradesh,India,Y,2023-08-22 08:07:32,2023-11-10 08:07:32,Y
178,Bachittar,Gopal,timothy91@example.com,+915135521570,Bhagalpur,Haryana,India,Y,2023-07-30 05:46:23,2023-09-17 05:46:23,Y
179,Ekansh,Palla,hritik00@example.com,06267658617,Ujjain,Manipur,India,N,2024-05-09 01:18:23,2024-11-10 01:18:23,N
180,Ethan,Bandi,anmol54@example.org,+915262181599,Ludhiana,Maharashtra,India,Y,2023-08-27 02:27:21,2023-11-10 02:27:21,Y
181,Nitesh,Saraf,chatreshchaudhuri@example.com,+913688444310,Aurangabad,Nagaland,India,Y,2024-07-28 02:42:19,2024-07-31 02:42:19,Y
182,Vritti,Dube,patelaarush@example.com,+914973103241,Bhiwandi,Jharkhand,India,N,2022-06-19 09:45:16,2022-11-07 09:45:16,Y
183,Mitali,Sinha,flanka@example.net,6256527047,Firozabad,Haryana,India,N,2023-01-28 08:04:52,2023-07-10 08:04:52,Y
184,Amruta,Bhatia,gunbirchada@example.net,08693806868,Chapra,Haryana,India,N,2022-02-08 02:34:28,2022-07-04 02:34:28,Y
185,Vamakshi,Mistry,ranabakhshi@example.net,8992172233,Kalyan-Dombivli,Maharashtra,India,Y,2025-09-30 11:44:03,2025-12-26 11:44:03,N
186,Farhan,Saran,manbirkuruvilla@example.com,1168685487,Dharmavaram,Mizoram,India,Y,2024-02-24 10:09:10,2024-06-25 10:09:10,Y
187,Oni,Chowdhury,jdoctor@example.net,9119148564,Shivpuri,Odisha,India,Y,2025-05-29 22:54:44,2025-10-01 22:54:44,Y
188,Urvashi,Barad,anyarau@example.org,9606530745,Naihati,Uttarakhand,India,Y,2022-06-16 13:22:56,2022-07-24 13:22:56,Y
189,Chavvi,Mukhopadhyay,vyanjana13@example.org,07546913736,Hazaribagh,West Bengal,India,Y,2024-08-01 23:37:05,2024-08-22 23:37:05,Y
190,Kashvi,Bhalla,dominicmukhopadhyay@example.net,6289023303,Sirsa,Arunachal Pradesh,India,Y,2025-07-17 00:11:02,2025-12-19 00:11:02,Y
191,Jalsa,Issac,jyoti78@example.com,1035797279,Hapur,Goa,India,N,2025-03-27 19:02:29,2025-07-20 19:02:29,Y
192,Aarna,Chana,ayaan60@example.org,3333468007,Malegaon,Punjab,India,Y,2025-08-25 07:52:12,2025-11-11 07:52:12,Y
193,Abhiram,Kapur,dalaja46@example.com,07437489691,Sasaram,Sikkim,India,Y,2022-11-05 07:23:28,2023-05-19 07:23:28,Y
194,Kavya,Mandal,hritik71@example.com,05444328309,Imphal,Sikkim,India,Y,2024-04-02 05:26:43,2024-09-18 05:26:43,Y
195,Logan,Bal,qmerchant@example.com,06099353875,Tirunelveli,Uttarakhand,India,Y,2023-06-25 00:28:39,2023-11-13 00:28:39,Y
196,Pratyush,Memon,sinhakabir@example.net,08251353465,Bhilwara,Odisha,India,N,2025-06-23 05:16:40,2025-10-16 05:16:40,Y
197,Chaitaly,Sheth,singhalchatresh@example.net,9917381684,Meerut,West Bengal,India,N,2023-12-21 04:07:08,2024-03-03 04:07:08,Y
198,Matthew,Devan,hemarout@example.net,02521752500,Panipat,Gujarat,India,Y,2025-11-11 15:01:46,2025-11-29 15:01:46,N
199,Om,Dutt,ichakrabarti@example.net,06667600835,Pondicherry,Tripura,India,Y,2023-09-07 14:28:11,2023-12-24 14:28:11,Y
200,Rayaan,Badami,kothariupkaar@example.net,04216894210,Ramagundam,Manipur,India,Y,2023-04-08 21:27:16,2023-06-15 21:27:16,Y
