order_id,customer_id,order_timestamp,payment_method,order_status,shipping_city,shipping_state,total_amount,created_timestamp,updated_timestamp,is_active
1,46,2025-04-04 21:01:09,Credit Card,Returned,Berhampur,Madhya Pradesh,450562.68,2025-04-04 21:01:09,2025-05-12 21:01:09,Y
2,83,2025-07-26 22:26:31,Debit Card,Cancelled,Mira-Bhayandar,Bihar,169232.44,2025-07-26 22:26:31,2025-09-21 22:26:31,N
3,20,2024-09-21 00:05:34,Cash on Delivery,Processing,Panihati,Mizoram,720909.8,2024-09-21 00:05:34,2024-11-29 00:05:34,Y
4,58,2022-06-13 15:31:12,Cash on Delivery,Delivered,Jalgaon,Punjab,207977.9,2022-06-13 15:31:12,2022-07-28 15:31:12,N
5,73,2022-08-03 03:31:39,UPI,Processing,Belgaum,Meghalaya,74232.08,2022-08-03 03:31:39,2022-11-30 03:31:39,Y
6,95,2025-11-20 01:27:48,Debit Card,Processing,Katihar,Mizoram,204775.02,2025-11-20 01:27:48,2025-11-22 01:27:48,Y
7,160,2024-08-02 05:07:12,Debit Card,Cancelled,Tiruchirappalli,Meghalaya,432751.44,2024-08-02 05:07:12,2025-02-07 05:07:12,Y
8,199,2026-03-13 19:38:17,Debit Card,Returned,Madanapalle,Nagaland,24633.84,2026-03-13 19:38:17,2026-09-26 19:38:17,Y
9,2,2024-02-01 13:59:04,Net Banking,Delivered,Chinsurah,Mizoram,122363.58,2024-02-01 13:59:04,2024-03-10 13:59:04,Y
10,178,2024-12-12 07:13:23,Credit Card,Processing,Uluberia,West Bengal,124644.94,2024-12-12 07:13:23,2025-05-23 07:13:23,Y
11,187,2025-03-15 01:05:05,UPI,Delivered,Bettiah,Maharashtra,262469.13,2025-03-15 01:05:05,2025-09-19 01:05:05,Y
12,126,2024-01-10 23:03:46,Credit Card,Shipped,Ongole,Uttar Pradesh,16585.96,2024-01-10 23:03:46,2024-04-26 23:03:46,Y
13,60,2022-10-17 00:34:09,Cash on Delivery,Cancelled,Etawah,Odisha,364305.31,2022-10-17 00:34:09,2022-10-28 00:34:09,Y
14,192,2025-03-03 07:00:53,Credit Card,Returned,Khandwa,Chhattisgarh,259424.28,2025-03-03 07:00:53,2025-06-28 07:00:53,Y
15,101,2023-02-19 19:30:50,Credit Card,Returned,Morena,Tripura,412946.0,2023-02-19 19:30:50,2023-08-01 19:30:50,Y
16,34,2025-09-13 10:40:26,Debit Card,Processing,Gwalior,Jharkhand,604179.75,2025-09-13 10:40:26,2026-03-01 10:40:26,Y
17,180,2024-09-05 16:46:00,Amazon Pay,Processing,Bardhaman,Gujarat,242802.84,2024-09-05 16:46:00,2024-12-14 16:46:00,Y
18,20,2024-04-24 22:29:59,Debit Card,Shipped,Chennai,Odisha,874236.02,2024-04-24 22:29:59,2024-06-22 22:29:59,Y
19,28,2022-12-05 13:36:12,Debit Card,Cancelled,Saharsa,Andhra Pradesh,51855.14,2022-12-05 13:36:12,2023-01-13 13:36:12,Y
20,138,2025-06-16 23:46:22,UPI,Shipped,Tiruppur,Tamil Nadu,597551.26,2025-06-16 23:46:22,2025-07-16 23:46:22,Y
21,31,2025-12-10 13:37:34,Credit Card,Shipped,Alappuzha,Kerala,329776.98,2025-12-10 13:37:34,2026-02-15 13:37:34,Y
22,179,2024-08-03 03:54:47,Cash on Delivery,Delivered,Bhatpara,Maharashtra,689425.73,2024-08-03 03:54:47,2025-01-30 03:54:47,Y
23,24,2024-10-15 10:04:01,Amazon Pay,Shipped,Bhilwara,West Bengal,608880.98,2024-10-15 10:04:01,2024-11-21 10:04:01,N
24,13,2025-05-16 02:07:42,Amazon Pay,Processing,Buxar,Kerala,794991.89,2025-05-16 02:07:42,2025-09-24 02:07:42,Y
25,104,2023-06-25 04:31:05,Net Banking,Returned,Sikar,Tripura,475294.72,2023-06-25 04:31:05,2023-07-02 04:31:05,Y
26,119,2024-02-16 06:21:45,Credit Card,Shipped,Haridwar,Nagaland,752313.76,2024-02-16 06:21:45,2024-03-11 06:21:45,Y
27,57,2022-07-11 14:23:14,Debit Card,Shipped,Mangalore,Kerala,35901.6,2022-07-11 14:23:14,2023-01-26 14:23:14,Y
28,162,2025-03-02 12:12:25,Amazon Pay,Delivered,Nizamabad,Jharkhand,142217.23,2025-03-02 12:12:25,2025-08-24 12:12:25,Y
29,6,2024-03-15 03:03:58,Credit Card,Shipped,Sikar,Telangana,524155.41,2024-03-15 03:03:58,2024-04-03 03:03:58,N
30,24,2025-10-09 16:38:09,UPI,Delivered,Kochi,Telangana,399927.65,2025-10-09 16:38:09,2025-11-10 16:38:09,Y
31,44,2025-12-03 06:16:22,Cash on Delivery,Cancelled,Amroha,Uttar Pradesh,661936.19,2025-12-03 06:16:22,2025-12-15 06:16:22,Y
32,8,2025-05-12 05:14:13,Net Banking,Cancelled,Salem,Gujarat,123866.43,2025-05-12 05:14:13,2025-09-16 05:14:13,Y
33,71,2023-10-30 02:23:34,UPI,Cancelled,Sonipat,Uttar Pradesh,224509.56,2023-10-30 02:23:34,2023-12-16 02:23:34,Y
34,159,2022-04-18 15:38:58,Cash on Delivery,Shipped,Nanded,Madhya Pradesh,399177.76,2022-04-18 15:38:58,2022-09-22 15:38:58,Y
35,141,2026-03-31 00:03:17,Net Banking,Delivered,Mysore,Uttarakhand,276249.79,2026-03-31 00:03:17,2026-07-14 00:03:17,Y
36,108,2025-04-04 23:41:21,Debit Card,Returned,Chittoor,Punjab,598743.51,2025-04-04 23:41:21,2025-05-09 23:41:21,Y
37,98,2026-08-17 01:58:48,Amazon Pay,Processing,Hubli–Dharwad,Assam,117689.87,2026-08-17 01:58:48,2026-08-21 01:58:48,Y
38,145,2026-02-14 20:19:19,Cash on Delivery,Processing,Korba,Kerala,49267.68,2026-02-14 20:19:19,2026-05-13 20:19:19,Y
39,82,2023-07-13 16:02:36,Cash on Delivery,Shipped,Narasaraopet,Arunachal Pradesh,143838.08,2023-07-13 16:02:36,2023-07-19 16:02:36,Y
40,121,2024-05-22 19:51:28,Cash on Delivery,Processing,Rewa,Punjab,87730.0,2024-05-22 19:51:28,2024-06-05 19:51:28,Y
41,26,2023-12-25 04:00:07,Debit Card,Shipped,Kavali,Arunachal Pradesh,70160.12,2023-12-25 04:00:07,2024-02-03 04:00:07,Y
42,57,2022-06-23 16:51:04,Cash on Delivery,Cancelled,Shimla,Manipur,28811.52,2022-06-23 16:51:04,2023-01-04 16:51:04,Y
43,61,2023-06-24 16:54:28,Cash on Delivery,Processing,Panihati,West Bengal,158008.28,2023-06-24 16:54:28,2023-08-08 16:54:28,Y
44,8,2025-01-19 16:48:32,Amazon Pay,Processing,Jammu,Arunachal Pradesh,175620.44,2025-01-19 16:48:32,2025-06-19 16:48:32,N
45,49,2023-03-18 11:54:53,Net Banking,Returned,Srikakulam,Goa,300982.55,2023-03-18 11:54:53,2023-08-09 11:54:53,Y
46,24,2026-03-04 17:35:25,Credit Card,Shipped,Karimnagar,Haryana,582609.58,2026-03-04 17:35:25,2026-03-13 17:35:25,Y
47,123,2022-03-03 21:56:19,Credit Card,Processing,Sangli-Miraj & Kupwad,Assam,255809.21,2022-03-03 21:56:19,2022-07-15 21:56:19,N
48,88,2023-09-18 22:16:22,Amazon Pay,Shipped,Silchar,Kerala,258352.63,2023-09-18 22:16:22,2023-10-21 22:16:22,N
49,6,2024-10-02 08:31:51,Debit Card,Returned,Machilipatnam,Odisha,256676.55,2024-10-02 08:31:51,2024-10-17 08:31:51,Y
50,29,2023-03-17 02:23:17,Cash on Delivery,Processing,Kadapa,Andhra Pradesh,12177.08,2023-03-17 02:23:17,2023-10-01 02:23:17,N
51,170,2025-03-06 16:56:51,Net Banking,Returned,Mysore,Nagaland,165352.83,2025-03-06 16:56:51,2025-09-02 16:56:51,Y
52,35,2024-07-26 13:14:26,Debit Card,Cancelled,Karaikudi,Odisha,317321.62,2024-07-26 13:14:26,2024-10-16 13:14:26,Y
53,82,2026-02-22 16:15:59,Debit Card,Returned,Sri Ganganagar,Uttarakhand,266104.77,2026-02-22 16:15:59,2026-08-07 16:15:59,Y
54,171,2025-01-13 14:50:28,Cash on Delivery,Shipped,Kamarhati,Punjab,809514.42,2025-01-13 14:50:28,2025-03-11 14:50:28,Y
55,46,2024-07-04 00:47:56,Amazon Pay,Delivered,Malda,Madhya Pradesh,615266.32,2024-07-04 00:47:56,2024-08-05 00:47:56,N
56,146,2025-05-01 15:55:06,Credit Card,Shipped,Bhilwara,Goa,637971.81,2025-05-01 15:55:06,2025-11-14 15:55:06,Y
57,145,2023-11-18 07:08:37,Credit Card,Cancelled,Guna,Bihar,56988.69,2023-11-18 07:08:37,2024-04-29 07:08:37,Y
58,89,2022-08-30 17:41:00,UPI,Shipped,Ambala,Jharkhand,134896.23,2022-08-30 17:41:00,2022-10-29 17:41:00,Y
59,172,2022-10-03 15:53:26,Amazon Pay,Processing,Bhiwandi,Uttar Pradesh,90386.49,2022-10-03 15:53:26,2023-04-02 15:53:26,Y
60,64,2024-04-03 23:40:22,Amazon Pay,Delivered,Siwan,Uttarakhand,102811.58,2024-04-03 23:40:22,2024-05-26 23:40:22,Y
61,1,2022-12-02 15:38:36,Credit Card,Cancelled,Mango,Madhya Pradesh,409799.46,2022-12-02 15:38:36,2023-06-04 15:38:36,Y
62,106,2025-07-27 19:36:44,Net Banking,Cancelled,Latur,Tripura,66255.5,2025-07-27 19:36:44,2025-09-07 19:36:44,Y
63,123,2025-03-12 03:56:36,Cash on Delivery,Shipped,Berhampore,Sikkim,577041.92,2025-03-12 03:56:36,2025-04-06 03:56:36,Y
64,76,2022-08-18 00:10:13,Credit Card,Processing,Dharmavaram,West Bengal,521756.99,2022-08-18 00:10:13,2022-08-26 00:10:13,Y
65,88,2022-11-22 08:51:56,Debit Card,Cancelled,Ongole,Bihar,296741.52,2022-11-22 08:51:56,2022-12-10 08:51:56,Y
66,24,2022-08-22 00:35:08,UPI,Returned,Jabalpur,Madhya Pradesh,192143.19,2022-08-22 00:35:08,2023-01-09 00:35:08,N
67,8,2026-02-08 19:27:48,Net Banking,Shipped,Berhampur,Uttar Pradesh,708587.48,2026-02-08 19:27:48,2026-08-07 19:27:48,Y
68,14,2025-09-11 00:19:39,Credit Card,Processing,Haridwar,Kerala,879786.8,2025-09-11 00:19:39,2025-10-21 00:19:39,Y
69,179,2023-08-14 06:15:10,Cash on Delivery,Returned,Firozabad,Haryana,453405.96,2023-08-14 06:15:10,2023-11-26 06:15:10,Y
70,61,2024-05-24 15:52:54,Credit Card,Delivered,Tiruchirappalli,Madhya Pradesh,424000.22,2024-05-24 15:52:54,2024-08-08 15:52:54,Y
71,40,2026-09-04 17:48:59,Credit Card,Processing,Aurangabad,Nagaland,519221.89,2026-09-04 17:48:59,2027-01-07 17:48:59,Y
72,170,2022-09-30 06:02:38,Amazon Pay,Returned,Fatehpur,Karnataka,144315.99,2022-09-30 06:02:38,2022-12-14 06:02:38,Y
73,53,2022-10-29 07:52:03,Debit Card,Processing,Bellary,Odisha,496019.04,2022-10-29 07:52:03,2022-11-04 07:52:03,N
74,79,2026-01-11 07:59:13,Net Banking,Cancelled,South Dumdum,Telangana,439553.33,2026-01-11 07:59:13,2026-02-09 07:59:13,Y
75,165,2024-04-03 08:09:37,Cash on Delivery,Cancelled,Panchkula,Telangana,170770.26,2024-04-03 08:09:37,2024-04-26 08:09:37,Y
76,48,2025-03-31 02:36:52,Net Banking,Delivered,Noida,Telangana,392505.71,2025-03-31 02:36:52,2025-07-03 02:36:52,Y
77,58,2025-12-15 21:14:05,UPI,Returned,Bilaspur,Gujarat,169274.42,2025-12-15 21:14:05,2026-02-20 21:14:05,Y
78,172,2022-10-28 10:40:13,UPI,Returned,Panihati,Uttarakhand,428041.15,2022-10-28 10:40:13,2022-11-18 10:40:13,Y
79,16,2023-12-08 20:34:51,Net Banking,Returned,Tadipatri,Kerala,430494.08,2023-12-08 20:34:51,2024-04-27 20:34:51,Y
80,122,2026-07-22 18:50:54,Cash on Delivery,Shipped,Aligarh,Bihar,238808.64,2026-07-22 18:50:54,2027-01-13 18:50:54,Y
81,183,2022-09-03 07:18:55,Credit Card,Returned,Kumbakonam,Punjab,319649.14,2022-09-03 07:18:55,2022-12-13 07:18:55,Y
82,174,2026-05-25 16:41:52,Cash on Delivery,Shipped,Hosur,Arunachal Pradesh,570529.81,2026-05-25 16:41:52,2026-10-18 16:41:52,Y
83,43,2025-10-27 02:49:46,Debit Card,Shipped,Serampore,Punjab,973091.19,2025-10-27 02:49:46,2025-12-10 02:49:46,Y
84,175,2025-08-08 09:07:14,Net Banking,Shipped,Kumbakonam,Odisha,235101.72,2025-08-08 09:07:14,2025-08-28 09:07:14,N
85,67,2023-04-05 10:36:04,UPI,Delivered,Pallavaram,Goa,451406.37,2023-04-05 10:36:04,2023-09-04 10:36:04,Y
86,84,2025-05-19 12:56:09,UPI,Returned,Sikar,Haryana,415164.85,2025-05-19 12:56:09,2025-10-07 12:56:09,Y
87,160,2022-02-08 09:54:41,Cash on Delivery,Returned,Meerut,Mizoram,220296.33,2022-02-08 09:54:41,2022-08-06 09:54:41,Y
88,39,2022-12-16 14:00:46,Debit Card,Returned,Morena,Nagaland,155907.17,2022-12-16 14:00:46,2023-04-01 14:00:46,Y
89,145,2022-11-08 07:45:04,Credit Card,Processing,Ambala,Kerala,628228.56,2022-11-08 07:45:04,2022-12-05 07:45:04,Y
90,68,2024-12-04 08:44:39,Net Banking,Cancelled,Akola,Manipur,235220.58,2024-12-04 08:44:39,2025-03-19 08:44:39,Y
91,45,2026-01-09 16:54:45,UPI,Cancelled,Kadapa,Manipur,353541.13,2026-01-09 16:54:45,2026-01-18 16:54:45,Y
92,102,2025-06-02 02:24:25,UPI,Shipped,Bangalore,Andhra Pradesh,231247.84,2025-06-02 02:24:25,2025-06-11 02:24:25,Y
93,96,2026-01-16 10:50:11,Credit Card,Processing,Nadiad,Odisha,64236.15,2026-01-16 10:50:11,2026-03-25 10:50:11,Y
94,72,2024-07-30 13:24:55,Net Banking,Delivered,Anantapur,Kerala,194625.59,2024-07-30 13:24:55,2024-10-17 13:24:55,N
95,77,2023-12-10 05:44:12,Amazon Pay,Cancelled,Gaya,Nagaland,7427.92,2023-12-10 05:44:12,2024-01-13 05:44:12,Y
96,187,2024-09-23 21:40:32,Net Banking,Returned,Patiala,Himachal Pradesh,117723.44,2024-09-23 21:40:32,2024-11-30 21:40:32,Y
97,55,2023-08-07 21:30:03,Net Banking,Cancelled,Pudukkottai,Karnataka,366573.65,2023-08-07 21:30:03,2023-11-28 21:30:03,Y
98,132,2025-03-07 16:45:56,Debit Card,Delivered,Udaipur,Meghalaya,83937.59,2025-03-07 16:45:56,2025-03-21 16:45:56,Y
99,35,2026-04-24 13:23:41,Cash on Delivery,Returned,Bhagalpur,Maharashtra,361563.85,2026-04-24 13:23:41,2026-08-05 13:23:41,Y
100,15,2023-08-22 21:29:03,Debit Card,Delivered,Bharatpur,West Bengal,508074.71,2023-08-22 21:29:03,2023-10-12 21:29:03,Y
101,51,2025-01-24 15:30:48,UPI,Processing,Parbhani,Manipur,798830.63,2025-01-24 15:30:48,2025-07-23 15:30:48,Y
102,163,2026-04-19 08:57:09,Credit Card,Delivered,Aurangabad,Chhattisgarh,225108.92,2026-04-19 08:57:09,2026-07-29 08:57:09,Y
103,115,2026-02-27 14:34:50,Debit Card,Cancelled,Salem,Telangana,473978.7,2026-02-27 14:34:50,2026-07-29 14:34:50,Y
104,42,2024-12-22 15:59:18,UPI,Delivered,Noida,Nagaland,431103.76,2024-12-22 15:59:18,2025-03-20 15:59:18,Y
105,42,2025-04-16 00:25:32,Cash on Delivery,Shipped,Eluru,Gujarat,413871.7,2025-04-16 00:25:32,2025-04-28 00:25:32,Y
106,53,2023-12-01 09:34:12,UPI,Cancelled,Jalgaon,Meghalaya,461227.6,2023-12-01 09:34:12,2024-05-22 09:34:12,Y
107,34,2022-01-28 15:28:54,Amazon Pay,Shipped,Belgaum,Maharashtra,477618.37,2022-01-28 15:28:54,2022-05-29 15:28:54,Y
108,65,2022-01-27 07:06:05,Cash on Delivery,Processing,Guntur,West Bengal,266657.7,2022-01-27 07:06:05,2022-03-25 07:06:05,Y
109,97,2024-05-05 13:42:48,UPI,Cancelled,Morbi,Jharkhand,417509.52,2024-05-05 13:42:48,2024-08-21 13:42:48,Y
110,174,2025-12-20 23:31:35,Cash on Delivery,Returned,Kishanganj,West Bengal,377309.87,2025-12-20 23:31:35,2026-03-07 23:31:35,Y
111,131,2022-11-14 20:56:36,Amazon Pay,Processing,Sikar,Bihar,253407.18,2022-11-14 20:56:36,2022-11-15 20:56:36,Y
112,176,2024-05-28 05:54:57,Credit Card,Cancelled,Allahabad,Gujarat,187980.44,2024-05-28 05:54:57,2024-08-12 05:54:57,Y
113,84,2024-05-09 00:05:07,UPI,Processing,Fatehpur,Uttarakhand,571053.4,2024-05-09 00:05:07,2024-10-19 00:05:07,Y
114,39,2024-07-17 07:28:49,Cash on Delivery,Shipped,Hospet,Telangana,619154.63,2024-07-17 07:28:49,2024-09-03 07:28:49,Y
115,82,2025-06-09 11:45:45,Amazon Pay,Shipped,Bhilwara,Kerala,338286.49,2025-06-09 11:45:45,2025-11-25 11:45:45,Y
116,67,2026-03-26 06:48:20,Net Banking,Cancelled,Karaikudi,Nagaland,252748.4,2026-03-26 06:48:20,2026-06-09 06:48:20,Y
117,182,2022-04-20 17:34:33,Cash on Delivery,Shipped,Hapur,Andhra Pradesh,437576.28,2022-04-20 17:34:33,2022-09-16 17:34:33,Y
118,137,2023-11-22 20:36:04,Amazon Pay,Cancelled,Bhilai,Kerala,298436.99,2023-11-22 20:36:04,2024-05-15 20:36:04,N
119,77,2025-01-18 19:29:00,Debit Card,Returned,Gangtok,Odisha,272356.54,2025-01-18 19:29:00,2025-05-27 19:29:00,Y
120,33,2022-10-31 05:48:43,Amazon Pay,Processing,Anantapuram,Kerala,267589.09,2022-10-31 05:48:43,2023-02-28 05:48:43,Y
121,86,2023-07-23 18:33:56,Amazon Pay,Delivered,Sasaram,Meghalaya,122809.17,2023-07-23 18:33:56,2024-01-13 18:33:56,Y
122,79,2023-11-25 20:32:13,Net Banking,Processing,Vijayawada,Madhya Pradesh,63314.49,2023-11-25 20:32:13,2024-06-02 20:32:13,Y
123,31,2024-07-02 14:02:27,Net Banking,Delivered,Madhyamgram,Rajasthan,724666.84,2024-07-02 14:02:27,2024-10-28 14:02:27,Y
124,50,2022-08-10 06:13:48,Cash on Delivery,Delivered,Rourkela,Rajasthan,290364.56,2022-08-10 06:13:48,2022-12-08 06:13:48,Y
125,77,2025-03-31 19:19:10,Net Banking,Delivered,Bidar,Rajasthan,428193.12,2025-03-31 19:19:10,2025-08-13 19:19:10,Y
126,52,2023-04-14 10:51:22,UPI,Cancelled,Madurai,Assam,398129.94,2023-04-14 10:51:22,2023-05-19 10:51:22,N
127,81,2025-11-22 14:59:56,Amazon Pay,Shipped,Tiruvottiyur,Haryana,343191.3,2025-11-22 14:59:56,2025-12-28 14:59:56,Y
128,162,2026-02-23 20:39:46,Debit Card,Processing,Ratlam,Rajasthan,422330.36,2026-02-23 20:39:46,2026-05-19 20:39:46,Y
129,71,2022-01-15 15:27:50,Debit Card,Shipped,Shimoga,Punjab,71919.04,2022-01-15 15:27:50,2022-05-10 15:27:50,Y
130,196,2023-05-08 05:46:43,Credit Card,Shipped,Gopalpur,Manipur,52303.5,2023-05-08 05:46:43,2023-09-10 05:46:43,Y
131,110,2025-08-27 03:06:34,Net Banking,Cancelled,Dharmavaram,Mizoram,473157.24,2025-08-27 03:06:34,2025-12-08 03:06:34,Y
132,188,2026-07-17 09:42:56,UPI,Delivered,Haridwar,Goa,594868.59,2026-07-17 09:42:56,2026-09-06 09:42:56,Y
133,5,2026-07-08 20:44:56,Amazon Pay,Delivered,Lucknow,Chhattisgarh,365898.21,2026-07-08 20:44:56,2026-08-25 20:44:56,Y
134,178,2024-02-13 01:35:48,UPI,Processing,Chandrapur,Telangana,456203.51,2024-02-13 01:35:48,2024-04-10 01:35:48,Y
135,151,2025-04-06 15:35:46,UPI,Shipped,Bhagalpur,Goa,144327.4,2025-04-06 15:35:46,2025-08-12 15:35:46,Y
136,75,2022-05-23 01:00:27,Net Banking,Returned,Kota,Bihar,335094.04,2022-05-23 01:00:27,2022-08-07 01:00:27,Y
137,176,2024-11-15 14:48:52,Debit Card,Processing,Bhalswa Jahangir Pur,Nagaland,413812.14,2024-11-15 14:48:52,2025-03-06 14:48:52,N
138,193,2026-03-03 22:22:18,Debit Card,Shipped,Indore,Tripura,201959.4,2026-03-03 22:22:18,2026-06-02 22:22:18,N
139,59,2025-06-07 07:03:41,Debit Card,Shipped,Loni,Tripura,43317.38,2025-06-07 07:03:41,2025-06-11 07:03:41,Y
140,130,2022-03-10 01:58:18,Debit Card,Delivered,Vasai-Virar,Himachal Pradesh,261337.28,2022-03-10 01:58:18,2022-08-07 01:58:18,Y
141,164,2022-04-27 02:01:08,UPI,Returned,Guwahati,Rajasthan,307873.16,2022-04-27 02:01:08,2022-08-01 02:01:08,Y
142,28,2022-05-30 00:11:04,Amazon Pay,Delivered,Tirupati,Haryana,213214.74,2022-05-30 00:11:04,2022-11-15 00:11:04,Y
143,114,2022-12-26 17:54:55,Net Banking,Delivered,Anantapuram,Manipur,523122.57,2022-12-26 17:54:55,2023-04-11 17:54:55,Y
144,40,2026-01-13 21:33:16,Debit Card,Delivered,Mira-Bhayandar,Mizoram,274748.99,2026-01-13 21:33:16,2026-07-11 21:33:16,Y
145,134,2022-11-10 17:36:11,UPI,Returned,Bhopal,Arunachal Pradesh,633006.51,2022-11-10 17:36:11,2023-04-28 17:36:11,Y
146,27,2023-03-03 03:39:12,Cash on Delivery,Returned,Anantapur,West Bengal,177380.0,2023-03-03 03:39:12,2023-06-18 03:39:12,Y
147,28,2022-12-21 05:23:30,Net Banking,Shipped,Bhind,West Bengal,332798.57,2022-12-21 05:23:30,2023-07-09 05:23:30,Y
148,52,2024-03-28 02:14:51,UPI,Cancelled,Motihari,Manipur,360134.46,2024-03-28 02:14:51,2024-08-08 02:14:51,Y
149,128,2022-05-03 10:18:09,Debit Card,Cancelled,Panvel,Goa,668933.28,2022-05-03 10:18:09,2022-09-20 10:18:09,Y
150,172,2022-01-09 12:09:36,Credit Card,Delivered,Phusro,Maharashtra,520483.53,2022-01-09 12:09:36,2022-01-12 12:09:36,Y
151,24,2026-03-16 03:04:01,Cash on Delivery,Delivered,Sri Ganganagar,Meghalaya,782812.99,2026-03-16 03:04:01,2026-04-23 03:04:01,Y
152,165,2022-11-11 16:45:55,Debit Card,Cancelled,Hubli–Dharwad,Manipur,709826.65,2022-11-11 16:45:55,2023-01-15 16:45:55,N
153,119,2024-07-08 17:00:49,Credit Card,Delivered,Ambarnath,Maharashtra,378484.09,2024-07-08 17:00:49,2024-09-13 17:00:49,Y
154,93,2022-05-03 13:11:47,Amazon Pay,Processing,Bhatpara,Jharkhand,288263.06,2022-05-03 13:11:47,2022-07-16 13:11:47,Y
155,195,2022-12-27 02:12:32,Credit Card,Delivered,Mumbai,Mizoram,230236.72,2022-12-27 02:12:32,2023-01-20 02:12:32,Y
156,92,2023-06-14 18:19:01,Net Banking,Returned,Hapur,Jharkhand,240987.92,2023-06-14 18:19:01,2023-09-06 18:19:01,Y
157,88,2022-10-16 18:57:09,Debit Card,Delivered,Deoghar,Andhra Pradesh,400000.86,2022-10-16 18:57:09,2023-01-19 18:57:09,Y
158,99,2025-11-19 09:59:31,Amazon Pay,Cancelled,Morena,Jharkhand,235101.72,2025-11-19 09:59:31,2026-01-27 09:59:31,Y
159,34,2023-06-03 03:55:24,Amazon Pay,Delivered,Chinsurah,Uttar Pradesh,353488.75,2023-06-03 03:55:24,2023-07-01 03:55:24,N
160,107,2023-05-11 05:22:57,Cash on Delivery,Cancelled,Kavali,Haryana,341179.04,2023-05-11 05:22:57,2023-06-06 05:22:57,Y
161,157,2025-09-23 07:47:13,Net Banking,Processing,Motihari,Kerala,412125.6,2025-09-23 07:47:13,2025-11-08 07:47:13,Y
162,125,2023-02-10 22:22:02,Credit Card,Cancelled,Bulandshahr,Nagaland,579363.47,2023-02-10 22:22:02,2023-06-13 22:22:02,Y
163,168,2022-07-16 18:40:40,UPI,Delivered,Tenali,Haryana,812742.82,2022-07-16 18:40:40,2022-09-20 18:40:40,Y
164,191,2026-06-19 13:15:34,Cash on Delivery,Returned,Pali,Uttarakhand,276045.22,2026-06-19 13:15:34,2027-01-01 13:15:34,Y
165,134,2024-11-17 01:31:27,Amazon Pay,Returned,Muzaffarnagar,Himachal Pradesh,263912.08,2024-11-17 01:31:27,2025-03-29 01:31:27,Y
166,89,2024-02-12 07:14:38,Amazon Pay,Cancelled,Bhusawal,Rajasthan,515001.65,2024-02-12 07:14:38,2024-06-14 07:14:38,Y
167,165,2022-06-19 12:44:40,Debit Card,Returned,Hazaribagh,Tripura,121718.16,2022-06-19 12:44:40,2022-06-21 12:44:40,Y
168,20,2026-03-21 12:07:54,Net Banking,Processing,Anantapuram,Rajasthan,789373.78,2026-03-21 12:07:54,2026-05-02 12:07:54,Y
169,130,2024-05-14 04:53:56,Debit Card,Returned,Haridwar,Gujarat,39731.02,2024-05-14 04:53:56,2024-05-26 04:53:56,Y
170,21,2025-06-06 22:30:42,Net Banking,Cancelled,South Dumdum,Chhattisgarh,238180.24,2025-06-06 22:30:42,2025-08-05 22:30:42,Y
171,128,2025-10-24 04:39:08,Net Banking,Processing,Bhubaneswar,Rajasthan,257527.39,2025-10-24 04:39:08,2025-11-15 04:39:08,Y
172,168,2026-03-26 06:50:40,Credit Card,Delivered,Tadipatri,Manipur,261293.57,2026-03-26 06:50:40,2026-10-02 06:50:40,Y
173,141,2022-04-22 07:49:20,Credit Card,Delivered,Pallavaram,Gujarat,286419.37,2022-04-22 07:49:20,2022-09-11 07:49:20,Y
174,144,2024-08-04 08:28:11,Debit Card,Cancelled,Surat,Chhattisgarh,145605.86,2024-08-04 08:28:11,2024-12-12 08:28:11,N
175,58,2025-02-02 20:46:42,Net Banking,Processing,Deoghar,Andhra Pradesh,157213.06,2025-02-02 20:46:42,2025-02-15 20:46:42,Y
176,169,2026-01-09 23:24:15,UPI,Cancelled,Kota,Jharkhand,299518.82,2026-01-09 23:24:15,2026-07-11 23:24:15,Y
177,88,2023-11-20 22:39:47,UPI,Processing,Cuttack,Tamil Nadu,770471.24,2023-11-20 22:39:47,2023-11-20 22:39:47,Y
178,28,2025-03-07 15:17:08,Credit Card,Shipped,Bangalore,Haryana,238623.32,2025-03-07 15:17:08,2025-09-02 15:17:08,Y
179,66,2025-06-25 08:57:56,Cash on Delivery,Shipped,Saharanpur,Andhra Pradesh,460253.22,2025-06-25 08:57:56,2025-07-22 08:57:56,Y
180,118,2025-05-05 16:29:09,Debit Card,Processing,Bellary,Karnataka,121755.27,2025-05-05 16:29:09,2025-06-29 16:29:09,Y
181,163,2025-07-11 17:08:57,Amazon Pay,Returned,Bijapur,Uttar Pradesh,252845.94,2025-07-11 17:08:57,2025-07-22 17:08:57,Y
182,169,2025-10-31 16:03:27,Cash on Delivery,Returned,Serampore,Manipur,320069.28,2025-10-31 16:03:27,2026-02-25 16:03:27,Y
183,136,2026-03-30 19:21:34,Amazon Pay,Delivered,Bathinda,Assam,139533.24,2026-03-30 19:21:34,2026-03-31 19:21:34,Y
184,124,2025-09-06 16:40:51,Cash on Delivery,Shipped,Pimpri-Chinchwad,Himachal Pradesh,628515.72,2025-09-06 16:40:51,2026-02-02 16:40:51,Y
185,33,2023-06-24 12:18:08,Credit Card,Cancelled,Madurai,Nagaland,505910.42,2023-06-24 12:18:08,2023-12-28 12:18:08,Y
186,99,2024-09-26 22:24:37,Net Banking,Returned,Bokaro,Gujarat,674510.5,2024-09-26 22:24:37,2025-02-02 22:24:37,N
187,102,2024-02-11 06:01:33,UPI,Processing,Eluru,Uttarakhand,254216.87,2024-02-11 06:01:33,2024-04-21 06:01:33,Y
188,106,2023-02-19 08:55:28,Cash on Delivery,Returned,Bhilai,Tripura,81644.87,2023-02-19 08:55:28,2023-03-26 08:55:28,Y
189,183,2026-08-29 23:22:25,Amazon Pay,Returned,Kharagpur,Tripura,37630.62,2026-08-29 23:22:25,2026-11-17 23:22:25,Y
190,160,2023-09-17 03:22:32,Amazon Pay,Processing,Shahjahanpur,Telangana,133759.78,2023-09-17 03:22:32,2023-11-09 03:22:32,Y
191,167,2023-02-17 04:43:15,Debit Card,Returned,Davanagere,Manipur,535916.69,2023-02-17 04:43:15,2023-08-17 04:43:15,Y
192,30,2024-09-28 14:29:56,UPI,Returned,Saharsa,Sikkim,272399.44,2024-09-28 14:29:56,2025-03-28 14:29:56,Y
193,192,2025-07-21 01:24:38,Cash on Delivery,Processing,Bhalswa Jahangir Pur,Madhya Pradesh,98924.86,2025-07-21 01:24:38,2026-01-09 01:24:38,Y
194,134,2025-08-05 07:24:37,Credit Card,Delivered,North Dumdum,Goa,243382.83,2025-08-05 07:24:37,2025-08-08 07:24:37,Y
195,15,2022-06-14 20:48:47,Debit Card,Processing,Jamalpur,Mizoram,247943.29,2022-06-14 20:48:47,2022-12-02 20:48:47,Y
196,175,2023-05-16 00:12:44,UPI,Shipped,Nizamabad,Meghalaya,450075.37,2023-05-16 00:12:44,2023-07-28 00:12:44,Y
197,193,2024-07-05 23:16:32,Cash on Delivery,Delivered,Davanagere,Kerala,168993.54,2024-07-05 23:16:32,2024-08-26 23:16:32,Y
198,158,2025-11-07 03:53:32,Amazon Pay,Returned,Bellary,Bihar,71953.82,2025-11-07 03:53:32,2025-12-03 03:53:32,Y
199,131,2025-04-23 05:29:28,Amazon Pay,Processing,Raebareli,Karnataka,182708.9,2025-04-23 05:29:28,2025-06-22 05:29:28,Y
200,100,2022-05-26 23:04:25,Net Banking,Processing,Rourkela,Uttar Pradesh,303593.26,2022-05-26 23:04:25,2022-08-31 23:04:25,N
201,191,2022-06-17 03:46:56,UPI,Shipped,Bhimavaram,Bihar,95303.76,2022-06-17 03:46:56,2022-06-20 03:46:56,Y
202,163,2025-10-08 13:14:07,Amazon Pay,Processing,Latur,Andhra Pradesh,498305.92,2025-10-08 13:14:07,2025-12-04 13:14:07,Y
203,155,2026-08-26 06:34:43,Debit Card,Shipped,Amaravati,Uttar Pradesh,130359.52,2026-08-26 06:34:43,2027-03-03 06:34:43,Y
204,20,2023-07-06 05:50:00,Debit Card,Shipped,Kavali,Chhattisgarh,327766.6,2023-07-06 05:50:00,2023-12-27 05:50:00,Y
205,11,2023-01-06 19:39:54,Net Banking,Processing,Hubli–Dharwad,Haryana,325586.45,2023-01-06 19:39:54,2023-04-12 19:39:54,Y
206,150,2023-02-09 02:27:48,UPI,Delivered,Panchkula,Assam,646638.02,2023-02-09 02:27:48,2023-03-22 02:27:48,Y
207,40,2023-04-26 23:08:58,UPI,Returned,Allahabad,Arunachal Pradesh,239372.1,2023-04-26 23:08:58,2023-05-06 23:08:58,Y
208,147,2024-07-24 15:43:51,Cash on Delivery,Processing,Jamnagar,Tamil Nadu,355284.2,2024-07-24 15:43:51,2024-11-26 15:43:51,Y
209,57,2024-09-14 13:17:06,Debit Card,Returned,Cuttack,Meghalaya,240629.57,2024-09-14 13:17:06,2025-01-26 13:17:06,Y
210,107,2026-04-19 09:59:40,Cash on Delivery,Returned,Ratlam,Nagaland,85294.76,2026-04-19 09:59:40,2026-05-29 09:59:40,Y
211,55,2024-12-21 13:22:20,Amazon Pay,Processing,Bahraich,Telangana,350217.99,2024-12-21 13:22:20,2025-02-15 13:22:20,Y
212,193,2024-07-01 02:29:27,Cash on Delivery,Returned,Jaipur,Tamil Nadu,187440.67,2024-07-01 02:29:27,2024-08-25 02:29:27,Y
213,172,2022-01-28 08:27:05,UPI,Cancelled,Secunderabad,Telangana,55705.14,2022-01-28 08:27:05,2022-02-26 08:27:05,Y
214,175,2024-01-28 13:04:15,UPI,Cancelled,Chandrapur,Arunachal Pradesh,634257.63,2024-01-28 13:04:15,2024-02-07 13:04:15,N
215,66,2022-12-19 05:46:49,Cash on Delivery,Processing,Bahraich,Nagaland,43865.0,2022-12-19 05:46:49,2023-03-27 05:46:49,Y
216,96,2026-05-25 20:27:28,Cash on Delivery,Returned,Hosur,Tamil Nadu,23446.9,2026-05-25 20:27:28,2026-12-08 20:27:28,Y
217,167,2022-05-17 05:49:00,Debit Card,Processing,Jhansi,Odisha,157414.18,2022-05-17 05:49:00,2022-07-31 05:49:00,Y
218,198,2022-10-26 03:01:48,Cash on Delivery,Returned,Tinsukia,Kerala,194825.88,2022-10-26 03:01:48,2022-12-07 03:01:48,Y
219,172,2022-07-23 09:55:58,Amazon Pay,Shipped,Bhind,Himachal Pradesh,63852.12,2022-07-23 09:55:58,2022-09-14 09:55:58,Y
220,53,2025-08-10 23:20:57,Cash on Delivery,Cancelled,Coimbatore,Mizoram,234889.22,2025-08-10 23:20:57,2025-09-05 23:20:57,Y
221,176,2022-08-13 01:41:37,Debit Card,Delivered,Hospet,Jharkhand,78888.53,2022-08-13 01:41:37,2023-02-20 01:41:37,Y
222,23,2024-10-27 14:29:29,Credit Card,Delivered,Hosur,Kerala,307990.04,2024-10-27 14:29:29,2024-11-05 14:29:29,Y
223,19,2024-02-22 15:37:19,Cash on Delivery,Shipped,Mumbai,Tripura,79004.14,2024-02-22 15:37:19,2024-07-13 15:37:19,N
224,116,2025-06-20 11:18:10,Amazon Pay,Cancelled,Udaipur,Andhra Pradesh,477833.36,2025-06-20 11:18:10,2025-09-27 11:18:10,Y
225,173,2022-02-22 11:28:55,Credit Card,Returned,Udupi,Haryana,174829.94,2022-02-22 11:28:55,2022-06-01 11:28:55,Y
226,191,2022-07-16 11:20:11,Cash on Delivery,Delivered,Rajkot,Sikkim,703696.3,2022-07-16 11:20:11,2023-01-25 11:20:11,Y
227,129,2022-08-14 12:39:41,Credit Card,Processing,Jhansi,Mizoram,203685.46,2022-08-14 12:39:41,2022-11-13 12:39:41,Y
228,23,2024-07-25 06:20:14,UPI,Cancelled,Suryapet,Chhattisgarh,116047.22,2024-07-25 06:20:14,2024-12-27 06:20:14,Y
229,41,2022-04-06 18:02:33,Cash on Delivery,Shipped,North Dumdum,Maharashtra,794658.85,2022-04-06 18:02:33,2022-08-05 18:02:33,Y
230,76,2025-04-29 18:31:07,Amazon Pay,Shipped,Bhubaneswar,Bihar,225326.41,2025-04-29 18:31:07,2025-09-15 18:31:07,Y
231,142,2025-03-05 06:37:38,Cash on Delivery,Shipped,Varanasi,Uttarakhand,293555.93,2025-03-05 06:37:38,2025-03-07 06:37:38,Y
232,153,2022-01-16 15:03:06,Net Banking,Returned,Mangalore,West Bengal,76598.74,2022-01-16 15:03:06,2022-06-11 15:03:06,Y
233,54,2022-09-22 11:31:06,Amazon Pay,Processing,Panihati,Bihar,424054.43,2022-09-22 11:31:06,2022-12-09 11:31:06,Y
234,42,2026-05-12 10:41:57,Debit Card,Shipped,Nellore,Bihar,267055.42,2026-05-12 10:41:57,2026-06-17 10:41:57,Y
235,30,2024-02-25 05:47:35,Debit Card,Returned,Aurangabad,Rajasthan,295602.65,2024-02-25 05:47:35,2024-04-14 05:47:35,Y
236,166,2026-09-02 05:18:19,Cash on Delivery,Delivered,Unnao,Mizoram,416738.54,2026-09-02 05:18:19,2026-12-29 05:18:19,Y
237,26,2022-07-29 06:55:52,Debit Card,Returned,Dhanbad,Kerala,489800.14,2022-07-29 06:55:52,2022-10-01 06:55:52,Y
238,33,2024-10-24 22:02:00,Amazon Pay,Shipped,Medininagar,Tamil Nadu,252015.42,2024-10-24 22:02:00,2025-01-23 22:02:00,Y
239,82,2022-08-05 21:19:39,Net Banking,Cancelled,Ahmedabad,Gujarat,519328.68,2022-08-05 21:19:39,2022-09-23 21:19:39,Y
240,150,2024-08-07 16:48:59,Debit Card,Returned,Vijayawada,Manipur,390670.32,2024-08-07 16:48:59,2025-01-31 16:48:59,Y
241,44,2024-09-09 19:30:35,Credit Card,Processing,Karimnagar,Nagaland,397027.44,2024-09-09 19:30:35,2024-12-27 19:30:35,Y
242,190,2023-11-20 06:09:13,Amazon Pay,Cancelled,Arrah,Uttar Pradesh,339381.84,2023-11-20 06:09:13,2024-05-20 06:09:13,Y
243,174,2025-01-21 21:13:09,Amazon Pay,Processing,Tadepalligudem,Himachal Pradesh,4560.46,2025-01-21 21:13:09,2025-02-24 21:13:09,Y
244,92,2025-12-09 00:28:34,UPI,Cancelled,Madurai,Uttarakhand,231611.98,2025-12-09 00:28:34,2026-04-02 00:28:34,Y
245,156,2023-07-01 02:22:23,Credit Card,Processing,Solapur,Gujarat,176093.64,2023-07-01 02:22:23,2023-12-13 02:22:23,Y
246,51,2023-03-11 23:16:51,UPI,Delivered,Salem,Telangana,166044.67,2023-03-11 23:16:51,2023-07-26 23:16:51,Y
247,162,2022-02-27 21:10:30,Credit Card,Returned,Katihar,Madhya Pradesh,168956.5,2022-02-27 21:10:30,2022-07-06 21:10:30,Y
248,142,2023-10-24 00:35:10,UPI,Returned,Nellore,Mizoram,269036.08,2023-10-24 00:35:10,2023-11-02 00:35:10,Y
249,168,2026-08-04 17:14:33,Debit Card,Processing,Jehanabad,Rajasthan,67172.24,2026-08-04 17:14:33,2026-12-02 17:14:33,Y
250,119,2024-06-23 02:28:12,Cash on Delivery,Returned,Proddatur,Telangana,159982.42,2024-06-23 02:28:12,2024-07-27 02:28:12,Y
251,3,2025-02-04 11:46:57,Amazon Pay,Shipped,Aligarh,Tripura,265194.13,2025-02-04 11:46:57,2025-06-12 11:46:57,Y
252,132,2023-05-31 06:11:28,Debit Card,Cancelled,Berhampore,Tamil Nadu,454152.58,2023-05-31 06:11:28,2023-12-10 06:11:28,Y
253,188,2023-03-31 05:23:29,Net Banking,Processing,Vasai-Virar,Goa,751748.41,2023-03-31 05:23:29,2023-10-05 05:23:29,Y
254,17,2026-02-24 01:14:02,UPI,Processing,Jamalpur,Madhya Pradesh,101622.07,2026-02-24 01:14:02,2026-04-24 01:14:02,Y
255,93,2023-10-05 10:11:33,Net Banking,Cancelled,Sangli-Miraj & Kupwad,Nagaland,285099.72,2023-10-05 10:11:33,2024-02-14 10:11:33,N
256,167,2022-05-25 06:37:40,UPI,Delivered,Nagercoil,Karnataka,159414.47,2022-05-25 06:37:40,2022-06-04 06:37:40,Y
257,71,2026-06-08 20:22:52,Amazon Pay,Processing,Serampore,Maharashtra,45406.72,2026-06-08 20:22:52,2026-11-17 20:22:52,Y
258,168,2023-06-25 03:10:55,Net Banking,Processing,North Dumdum,Punjab,82569.35,2023-06-25 03:10:55,2023-09-29 03:10:55,Y
259,65,2022-08-30 19:58:56,Net Banking,Shipped,Phusro,Nagaland,260200.42,2022-08-30 19:58:56,2023-01-09 19:58:56,Y
260,125,2025-01-01 09:58:56,Net Banking,Returned,Gandhinagar,Tripura,84488.1,2025-01-01 09:58:56,2025-03-30 09:58:56,Y
261,43,2023-03-08 18:13:40,Debit Card,Delivered,Karimnagar,Manipur,815083.96,2023-03-08 18:13:40,2023-06-28 18:13:40,Y
262,39,2024-05-22 10:40:28,Debit Card,Shipped,Sikar,Andhra Pradesh,175021.32,2024-05-22 10:40:28,2024-07-15 10:40:28,Y
263,59,2023-01-03 15:20:26,Net Banking,Processing,Anantapuram,Punjab,526709.56,2023-01-03 15:20:26,2023-06-21 15:20:26,Y
264,123,2026-02-05 00:29:01,Net Banking,Shipped,Kadapa,Chhattisgarh,967689.52,2026-02-05 00:29:01,2026-07-27 00:29:01,Y
265,63,2025-06-30 14:51:56,Credit Card,Shipped,Chennai,Jharkhand,250252.75,2025-06-30 14:51:56,2025-07-05 14:51:56,Y
266,162,2023-05-16 14:39:34,Cash on Delivery,Delivered,Kakinada,West Bengal,469575.21,2023-05-16 14:39:34,2023-06-19 14:39:34,Y
267,43,2023-04-02 07:03:20,UPI,Shipped,Lucknow,Tripura,517205.64,2023-04-02 07:03:20,2023-04-16 07:03:20,Y
268,145,2025-06-13 17:00:51,Amazon Pay,Delivered,Begusarai,Mizoram,112294.48,2025-06-13 17:00:51,2025-11-13 17:00:51,Y
269,56,2024-05-30 15:54:30,Net Banking,Returned,Bareilly,Arunachal Pradesh,445107.16,2024-05-30 15:54:30,2024-06-20 15:54:30,N
270,57,2026-02-05 11:47:56,Net Banking,Returned,Raurkela Industrial Township,Chhattisgarh,180038.85,2026-02-05 11:47:56,2026-03-20 11:47:56,Y
271,169,2023-07-20 02:15:54,Cash on Delivery,Processing,Bilaspur,Kerala,65871.3,2023-07-20 02:15:54,2023-12-26 02:15:54,Y
272,153,2024-11-30 15:25:19,Cash on Delivery,Delivered,Muzaffarpur,Himachal Pradesh,151008.92,2024-11-30 15:25:19,2025-03-26 15:25:19,Y
273,28,2025-04-12 14:07:17,Credit Card,Shipped,Tiruchirappalli,Odisha,177441.22,2025-04-12 14:07:17,2025-05-15 14:07:17,Y
274,108,2026-04-16 23:46:18,Debit Card,Returned,Jehanabad,Gujarat,88638.88,2026-04-16 23:46:18,2026-10-08 23:46:18,Y
275,154,2026-01-18 11:22:40,Credit Card,Returned,Anantapur,Uttar Pradesh,67070.26,2026-01-18 11:22:40,2026-06-24 11:22:40,Y
276,124,2023-01-01 02:39:30,Amazon Pay,Shipped,Malegaon,Meghalaya,466162.56,2023-01-01 02:39:30,2023-01-24 02:39:30,N
277,199,2026-08-03 12:04:39,Amazon Pay,Cancelled,Hindupur,Rajasthan,442172.38,2026-08-03 12:04:39,2026-08-03 12:04:39,Y
278,179,2025-02-24 17:20:39,Cash on Delivery,Cancelled,Agra,Telangana,635849.28,2025-02-24 17:20:39,2025-03-07 17:20:39,Y
279,98,2026-02-06 21:43:46,UPI,Returned,Vijayawada,Tripura,210804.19,2026-02-06 21:43:46,2026-08-21 21:43:46,Y
280,35,2022-10-31 14:18:03,UPI,Cancelled,Thanjavur,Kerala,357443.48,2022-10-31 14:18:03,2023-02-16 14:18:03,Y
281,154,2022-09-18 09:53:30,Cash on Delivery,Cancelled,Erode,West Bengal,506609.63,2022-09-18 09:53:30,2022-11-29 09:53:30,Y
282,191,2022-01-17 23:49:54,Credit Card,Returned,Ambattur,Telangana,8365.56,2022-01-17 23:49:54,2022-07-17 23:49:54,Y
283,97,2026-06-03 20:15:09,Amazon Pay,Shipped,Eluru,Arunachal Pradesh,240312.01,2026-06-03 20:15:09,2026-06-04 20:15:09,Y
284,93,2024-09-08 11:20:20,Credit Card,Shipped,Loni,Arunachal Pradesh,313232.82,2024-09-08 11:20:20,2024-12-21 11:20:20,Y
285,138,2024-02-28 00:13:37,Net Banking,Returned,Panvel,Odisha,430020.12,2024-02-28 00:13:37,2024-05-04 00:13:37,Y
286,102,2024-05-06 03:16:58,Debit Card,Cancelled,Khammam,Mizoram,493650.89,2024-05-06 03:16:58,2024-10-27 03:16:58,Y
287,95,2026-02-07 23:24:12,Cash on Delivery,Returned,Jamnagar,Arunachal Pradesh,520620.59,2026-02-07 23:24:12,2026-03-24 23:24:12,Y
288,89,2024-08-10 17:42:40,Amazon Pay,Cancelled,Amroha,Tripura,587040.17,2024-08-10 17:42:40,2025-01-04 17:42:40,Y
289,59,2023-01-05 23:40:41,Net Banking,Shipped,Korba,Maharashtra,82522.83,2023-01-05 23:40:41,2023-07-15 23:40:41,Y
290,87,2026-04-29 08:50:31,Cash on Delivery,Returned,Singrauli,Chhattisgarh,365729.04,2026-04-29 08:50:31,2026-08-09 08:50:31,Y
291,100,2022-06-11 17:20:17,Amazon Pay,Delivered,Naihati,Assam,27197.48,2022-06-11 17:20:17,2022-07-22 17:20:17,Y
292,154,2023-03-28 12:28:24,Net Banking,Delivered,Aurangabad,Telangana,456419.82,2023-03-28 12:28:24,2023-07-26 12:28:24,Y
293,21,2023-11-21 00:23:17,Cash on Delivery,Delivered,Motihari,Madhya Pradesh,217557.24,2023-11-21 00:23:17,2024-02-23 00:23:17,Y
294,168,2025-05-29 18:14:45,Cash on Delivery,Processing,Guwahati,Madhya Pradesh,394914.71,2025-05-29 18:14:45,2025-11-02 18:14:45,Y
295,45,2022-06-28 12:45:14,Amazon Pay,Cancelled,Bikaner,Tripura,697630.89,2022-06-28 12:45:14,2023-01-12 12:45:14,Y
296,133,2023-09-19 16:22:55,UPI,Shipped,Ongole,Nagaland,75950.3,2023-09-19 16:22:55,2024-03-05 16:22:55,Y
297,179,2026-05-06 05:12:24,Debit Card,Returned,Morbi,Madhya Pradesh,140182.88,2026-05-06 05:12:24,2026-09-15 05:12:24,Y
298,62,2022-04-23 00:54:47,Amazon Pay,Delivered,Kishanganj,Punjab,115250.92,2022-04-23 00:54:47,2022-07-24 00:54:47,N
299,200,2022-09-27 19:28:08,Net Banking,Processing,Latur,Assam,48118.26,2022-09-27 19:28:08,2022-12-06 19:28:08,Y
300,52,2025-06-13 16:36:55,Cash on Delivery,Delivered,Chinsurah,Karnataka,476673.25,2025-06-13 16:36:55,2025-11-10 16:36:55,Y
301,141,2022-08-02 04:28:01,UPI,Returned,Gorakhpur,Sikkim,274429.72,2022-08-02 04:28:01,2022-08-25 04:28:01,N
302,71,2024-12-17 11:51:46,Debit Card,Returned,Bhusawal,Kerala,215554.22,2024-12-17 11:51:46,2025-03-15 11:51:46,N
303,148,2025-11-13 21:17:21,Credit Card,Processing,Jhansi,Karnataka,271074.48,2025-11-13 21:17:21,2026-02-24 21:17:21,Y
304,144,2026-04-22 19:50:55,Credit Card,Returned,Hindupur,Rajasthan,245065.71,2026-04-22 19:50:55,2026-05-19 19:50:55,Y
305,66,2022-12-30 12:49:23,Cash on Delivery,Returned,Farrukhabad,Goa,132561.69,2022-12-30 12:49:23,2023-05-10 12:49:23,Y
306,145,2025-10-07 15:13:21,Net Banking,Shipped,Tadepalligudem,Uttarakhand,296205.23,2025-10-07 15:13:21,2026-01-11 15:13:21,Y
307,118,2025-11-26 14:13:07,Cash on Delivery,Delivered,Ulhasnagar,Manipur,212653.17,2025-11-26 14:13:07,2026-05-19 14:13:07,Y
308,98,2024-03-12 00:26:07,Amazon Pay,Shipped,Muzaffarpur,Gujarat,299760.73,2024-03-12 00:26:07,2024-03-29 00:26:07,Y
309,106,2023-12-16 08:50:00,UPI,Returned,Bhatpara,Tripura,654068.66,2023-12-16 08:50:00,2024-03-05 08:50:00,Y
310,74,2024-03-29 04:46:35,Credit Card,Cancelled,Gorakhpur,Telangana,358595.16,2024-03-29 04:46:35,2024-05-31 04:46:35,Y
311,142,2024-11-28 12:50:15,Debit Card,Cancelled,Latur,Punjab,118019.3,2024-11-28 12:50:15,2024-12-17 12:50:15,Y
312,69,2023-11-11 01:28:18,Debit Card,Shipped,Tumkur,Andhra Pradesh,180254.96,2023-11-11 01:28:18,2024-04-05 01:28:18,Y
313,189,2023-09-13 08:12:59,Debit Card,Processing,Bhubaneswar,Jharkhand,18812.55,2023-09-13 08:12:59,2023-11-12 08:12:59,Y
314,159,2023-09-22 23:22:12,UPI,Shipped,Chittoor,Andhra Pradesh,419730.26,2023-09-22 23:22:12,2023-11-24 23:22:12,Y
315,174,2023-01-08 10:47:16,Amazon Pay,Cancelled,Bhagalpur,Telangana,307830.76,2023-01-08 10:47:16,2023-01-28 10:47:16,Y
316,124,2026-08-10 07:13:26,UPI,Returned,Kurnool,Nagaland,143376.78,2026-08-10 07:13:26,2026-08-20 07:13:26,Y
317,47,2024-05-03 13:34:47,Cash on Delivery,Processing,Motihari,Meghalaya,122471.2,2024-05-03 13:34:47,2024-09-05 13:34:47,Y
318,135,2023-02-03 10:42:41,Net Banking,Cancelled,Surat,Madhya Pradesh,337641.78,2023-02-03 10:42:41,2023-02-16 10:42:41,N
319,89,2022-04-12 04:02:48,Net Banking,Shipped,Rohtak,Goa,158583.18,2022-04-12 04:02:48,2022-08-18 04:02:48,Y
320,133,2023-01-09 23:18:06,Net Banking,Processing,Anantapuram,Gujarat,484549.45,2023-01-09 23:18:06,2023-07-06 23:18:06,Y
321,54,2022-02-06 17:21:41,Net Banking,Returned,Meerut,Manipur,795494.96,2022-02-06 17:21:41,2022-07-28 17:21:41,Y
322,67,2025-01-28 11:01:24,Debit Card,Returned,Jabalpur,Madhya Pradesh,340541.62,2025-01-28 11:01:24,2025-07-03 11:01:24,Y
323,157,2024-04-17 00:32:01,UPI,Processing,Karimnagar,West Bengal,151170.6,2024-04-17 00:32:01,2024-08-15 00:32:01,Y
324,108,2025-08-10 03:28:20,Amazon Pay,Processing,Surat,Jharkhand,224498.16,2025-08-10 03:28:20,2025-10-02 03:28:20,Y
325,116,2025-05-29 14:20:56,Debit Card,Returned,Ahmednagar,Madhya Pradesh,282246.48,2025-05-29 14:20:56,2025-08-08 14:20:56,Y
326,185,2023-12-12 03:10:19,UPI,Shipped,Satna,Meghalaya,276395.19,2023-12-12 03:10:19,2024-01-06 03:10:19,Y
327,38,2025-03-29 08:43:25,Amazon Pay,Shipped,Gaya,Gujarat,252302.33,2025-03-29 08:43:25,2025-05-18 08:43:25,Y
328,108,2022-01-31 06:26:17,Net Banking,Shipped,Kishanganj,Tamil Nadu,643356.42,2022-01-31 06:26:17,2022-03-17 06:26:17,N
329,185,2026-05-26 06:50:03,UPI,Cancelled,Thane,Haryana,293811.32,2026-05-26 06:50:03,2026-10-09 06:50:03,Y
330,26,2022-05-29 05:27:48,Amazon Pay,Shipped,Thoothukudi,Meghalaya,176037.54,2022-05-29 05:27:48,2022-09-07 05:27:48,Y
331,162,2024-03-01 01:12:47,Credit Card,Cancelled,Sangli-Miraj & Kupwad,Andhra Pradesh,122367.27,2024-03-01 01:12:47,2024-06-30 01:12:47,Y
332,93,2024-03-18 01:47:22,Cash on Delivery,Returned,Nagercoil,Kerala,106304.26,2024-03-18 01:47:22,2024-06-18 01:47:22,N
333,6,2024-03-11 16:36:36,Net Banking,Delivered,Noida,Mizoram,134335.38,2024-03-11 16:36:36,2024-06-07 16:36:36,Y
334,148,2023-09-11 03:23:31,Amazon Pay,Returned,Ghaziabad,Rajasthan,112499.28,2023-09-11 03:23:31,2024-02-05 03:23:31,Y
335,84,2024-06-03 05:57:54,Amazon Pay,Returned,Munger,Uttarakhand,447579.84,2024-06-03 05:57:54,2024-09-01 05:57:54,Y
336,98,2025-10-20 13:31:28,Cash on Delivery,Processing,Miryalaguda,Himachal Pradesh,383078.66,2025-10-20 13:31:28,2025-11-09 13:31:28,Y
337,164,2023-03-27 00:40:28,UPI,Cancelled,Saharanpur,Karnataka,675938.38,2023-03-27 00:40:28,2023-05-08 00:40:28,Y
338,21,2025-06-11 14:02:28,Debit Card,Processing,Durgapur,Assam,238155.94,2025-06-11 14:02:28,2025-06-29 14:02:28,Y
339,75,2024-09-11 12:09:15,Amazon Pay,Processing,Saharsa,Sikkim,165381.08,2024-09-11 12:09:15,2025-02-25 12:09:15,Y
340,114,2025-05-13 15:17:11,UPI,Returned,Erode,Haryana,75557.03,2025-05-13 15:17:11,2025-07-21 15:17:11,Y
341,43,2025-10-30 23:57:20,Debit Card,Delivered,Purnia,Jharkhand,802556.6,2025-10-30 23:57:20,2026-02-12 23:57:20,Y
342,65,2023-12-30 23:04:17,Amazon Pay,Delivered,Sultan Pur Majra,Nagaland,429576.19,2023-12-30 23:04:17,2024-06-16 23:04:17,Y
343,25,2025-05-18 13:51:53,Credit Card,Cancelled,Tiruppur,Rajasthan,142335.7,2025-05-18 13:51:53,2025-06-13 13:51:53,Y
344,102,2022-03-23 21:54:36,Cash on Delivery,Delivered,Amaravati,Nagaland,160380.6,2022-03-23 21:54:36,2022-10-06 21:54:36,Y
345,168,2023-04-28 10:05:44,Net Banking,Processing,Durgapur,Jharkhand,443428.84,2023-04-28 10:05:44,2023-05-19 10:05:44,Y
346,161,2024-06-01 21:38:40,Debit Card,Shipped,Chinsurah,Tripura,518519.12,2024-06-01 21:38:40,2024-09-22 21:38:40,Y
347,9,2023-06-15 01:27:13,Amazon Pay,Processing,Buxar,Goa,276826.56,2023-06-15 01:27:13,2023-06-22 01:27:13,Y
348,120,2024-10-07 08:46:03,Cash on Delivery,Processing,Jabalpur,Nagaland,15779.21,2024-10-07 08:46:03,2025-02-05 08:46:03,Y
349,139,2023-02-24 18:53:51,Debit Card,Returned,Udaipur,Karnataka,312175.77,2023-02-24 18:53:51,2023-08-21 18:53:51,Y
350,164,2025-09-13 10:15:49,Amazon Pay,Returned,Ludhiana,Tripura,232538.52,2025-09-13 10:15:49,2026-01-25 10:15:49,Y
351,139,2024-12-14 14:44:40,Debit Card,Delivered,Haridwar,Maharashtra,124930.08,2024-12-14 14:44:40,2025-04-16 14:44:40,Y
352,67,2025-02-10 10:46:52,Debit Card,Processing,Mango,Telangana,272142.34,2025-02-10 10:46:52,2025-05-26 10:46:52,Y
353,35,2026-06-14 21:17:13,UPI,Processing,Saharanpur,Tripura,124938.56,2026-06-14 21:17:13,2026-12-25 21:17:13,Y
354,126,2022-01-26 20:10:06,Net Banking,Processing,Aligarh,Chhattisgarh,246323.25,2022-01-26 20:10:06,2022-07-21 20:10:06,Y
355,153,2025-08-30 07:34:59,Debit Card,Delivered,Indore,Tripura,175021.32,2025-08-30 07:34:59,2025-11-12 07:34:59,Y
356,144,2023-08-09 20:52:16,Net Banking,Cancelled,Medininagar,Odisha,216904.71,2023-08-09 20:52:16,2023-11-22 20:52:16,Y
357,57,2025-04-25 19:52:22,UPI,Delivered,Kavali,Haryana,636814.37,2025-04-25 19:52:22,2025-07-30 19:52:22,Y
358,196,2024-01-15 07:01:24,Cash on Delivery,Processing,Indore,Kerala,445350.52,2024-01-15 07:01:24,2024-05-26 07:01:24,Y
359,106,2026-07-11 16:38:20,Debit Card,Delivered,Morena,Chhattisgarh,648578.44,2026-07-11 16:38:20,2026-09-17 16:38:20,Y
360,164,2024-06-18 17:47:26,Net Banking,Returned,Dindigul,Goa,27197.48,2024-06-18 17:47:26,2024-07-16 17:47:26,Y
361,83,2026-03-09 13:52:55,Credit Card,Shipped,Pallavaram,Meghalaya,49904.7,2026-03-09 13:52:55,2026-04-26 13:52:55,Y
362,48,2026-07-21 02:18:38,Credit Card,Processing,Ujjain,Gujarat,160218.86,2026-07-21 02:18:38,2026-07-26 02:18:38,Y
363,3,2025-09-24 02:42:48,Debit Card,Delivered,Patna,Maharashtra,213120.01,2025-09-24 02:42:48,2026-03-29 02:42:48,Y
364,88,2026-03-14 11:57:32,Net Banking,Processing,Gopalpur,Maharashtra,552743.1,2026-03-14 11:57:32,2026-05-08 11:57:32,Y
365,119,2026-03-29 11:04:51,Amazon Pay,Delivered,Panihati,Tripura,533111.31,2026-03-29 11:04:51,2026-07-02 11:04:51,Y
366,69,2023-03-30 21:05:53,Net Banking,Delivered,Amritsar,Goa,213576.08,2023-03-30 21:05:53,2023-04-13 21:05:53,Y
367,65,2023-07-19 05:21:22,Net Banking,Delivered,Tadepalligudem,Meghalaya,676228.48,2023-07-19 05:21:22,2023-09-06 05:21:22,Y
368,198,2024-02-13 11:58:45,Net Banking,Shipped,Berhampore,Haryana,72698.97,2024-02-13 11:58:45,2024-05-21 11:58:45,Y
369,118,2022-04-15 02:42:31,Amazon Pay,Delivered,Machilipatnam,Tripura,47110.62,2022-04-15 02:42:31,2022-06-04 02:42:31,Y
370,100,2023-10-10 14:56:41,Amazon Pay,Processing,Narasaraopet,Telangana,66134.97,2023-10-10 14:56:41,2024-02-08 14:56:41,N
371,187,2023-05-08 18:55:33,Credit Card,Returned,Satara,Madhya Pradesh,571941.93,2023-05-08 18:55:33,2023-10-16 18:55:33,Y
372,164,2024-02-27 00:22:00,UPI,Shipped,Saharsa,Bihar,598838.69,2024-02-27 00:22:00,2024-06-29 00:22:00,Y
373,56,2022-06-11 19:55:34,Credit Card,Shipped,Sirsa,Uttarakhand,718966.1,2022-06-11 19:55:34,2022-11-28 19:55:34,Y
374,43,2024-10-05 05:28:46,UPI,Returned,Sambalpur,Mizoram,235520.07,2024-10-05 05:28:46,2024-10-08 05:28:46,Y
375,11,2024-01-26 06:03:16,Cash on Delivery,Cancelled,Thane,Nagaland,187651.53,2024-01-26 06:03:16,2024-01-28 06:03:16,Y
376,198,2023-04-27 13:02:13,Credit Card,Shipped,Hazaribagh,Tripura,48716.72,2023-04-27 13:02:13,2023-07-31 13:02:13,Y
377,159,2022-10-11 23:23:37,UPI,Delivered,Jhansi,Jharkhand,637642.53,2022-10-11 23:23:37,2023-04-04 23:23:37,Y
378,138,2023-04-24 04:59:25,Credit Card,Shipped,Sikar,Jharkhand,838407.71,2023-04-24 04:59:25,2023-10-20 04:59:25,Y
379,166,2024-09-11 01:48:46,UPI,Cancelled,Surendranagar Dudhrej,Goa,94068.27,2024-09-11 01:48:46,2025-01-31 01:48:46,Y
380,97,2022-03-08 08:10:56,UPI,Shipped,Durg,Punjab,330678.38,2022-03-08 08:10:56,2022-08-31 08:10:56,Y
381,181,2022-05-03 16:28:45,Net Banking,Returned,Hazaribagh,Chhattisgarh,516716.17,2022-05-03 16:28:45,2022-09-04 16:28:45,Y
382,146,2026-03-03 15:54:29,Debit Card,Returned,Bidhannagar,Assam,134986.25,2026-03-03 15:54:29,2026-04-20 15:54:29,Y
383,154,2025-12-26 06:02:30,Cash on Delivery,Shipped,Bokaro,Tripura,284147.74,2025-12-26 06:02:30,2026-03-06 06:02:30,Y
384,76,2023-04-27 15:32:15,UPI,Returned,Singrauli,Maharashtra,709494.79,2023-04-27 15:32:15,2023-08-20 15:32:15,Y
385,164,2022-01-03 05:40:26,Cash on Delivery,Cancelled,Hospet,Andhra Pradesh,401712.69,2022-01-03 05:40:26,2022-07-20 05:40:26,Y
386,94,2022-02-28 03:51:12,Cash on Delivery,Shipped,Malda,Odisha,124481.97,2022-02-28 03:51:12,2022-08-05 03:51:12,Y
387,138,2022-07-16 19:06:13,Net Banking,Shipped,Malda,Assam,414682.34,2022-07-16 19:06:13,2022-12-31 19:06:13,Y
388,142,2026-03-26 19:57:14,Debit Card,Returned,North Dumdum,Tamil Nadu,493892.08,2026-03-26 19:57:14,2026-10-08 19:57:14,Y
389,83,2025-06-27 05:14:25,Credit Card,Delivered,Amravati,Assam,515127.36,2025-06-27 05:14:25,2025-12-08 05:14:25,Y
390,34,2022-07-27 04:00:34,Debit Card,Delivered,Hospet,Rajasthan,334608.73,2022-07-27 04:00:34,2022-08-07 04:00:34,Y
391,26,2026-02-16 23:49:54,Credit Card,Returned,Guwahati,Mizoram,23192.97,2026-02-16 23:49:54,2026-04-06 23:49:54,Y
392,126,2025-04-22 08:01:40,Cash on Delivery,Returned,Sasaram,Punjab,503391.64,2025-04-22 08:01:40,2025-10-07 08:01:40,Y
393,94,2024-03-06 04:09:36,Debit Card,Returned,Burhanpur,Nagaland,903179.65,2024-03-06 04:09:36,2024-03-18 04:09:36,Y
394,168,2022-02-10 15:46:14,Net Banking,Delivered,Varanasi,Tripura,94090.41,2022-02-10 15:46:14,2022-04-04 15:46:14,Y
395,143,2022-07-08 14:08:02,Amazon Pay,Cancelled,Thanjavur,Odisha,288266.64,2022-07-08 14:08:02,2022-10-08 14:08:02,Y
396,69,2022-07-01 03:09:53,Cash on Delivery,Delivered,Ujjain,West Bengal,419377.02,2022-07-01 03:09:53,2022-12-05 03:09:53,Y
397,56,2024-08-02 04:45:57,Cash on Delivery,Delivered,Mangalore,Tripura,641656.62,2024-08-02 04:45:57,2024-08-21 04:45:57,Y
398,99,2023-12-19 17:57:02,Debit Card,Shipped,Gurgaon,Jharkhand,318746.0,2023-12-19 17:57:02,2024-05-03 17:57:02,Y
399,161,2024-02-12 21:06:56,Debit Card,Returned,Amroha,Jharkhand,155812.73,2024-02-12 21:06:56,2024-07-06 21:06:56,Y
400,28,2025-07-13 22:24:26,Amazon Pay,Returned,Kochi,Chhattisgarh,144043.06,2025-07-13 22:24:26,2026-01-20 22:24:26,Y
401,171,2025-11-26 04:41:11,Net Banking,Delivered,Delhi,Punjab,707408.67,2025-11-26 04:41:11,2026-05-24 04:41:11,Y
402,103,2023-07-15 11:20:26,Cash on Delivery,Processing,Ahmedabad,Manipur,431301.51,2023-07-15 11:20:26,2023-12-02 11:20:26,Y
403,114,2026-07-17 18:30:16,UPI,Processing,Panchkula,Nagaland,222117.52,2026-07-17 18:30:16,2026-12-17 18:30:16,Y
404,106,2024-10-05 15:57:53,Amazon Pay,Cancelled,Narasaraopet,Meghalaya,265716.5,2024-10-05 15:57:53,2025-01-08 15:57:53,Y
405,62,2024-10-01 22:14:54,Cash on Delivery,Returned,Bellary,Odisha,145263.71,2024-10-01 22:14:54,2025-03-05 22:14:54,Y
406,66,2026-09-06 12:46:16,UPI,Cancelled,Malda,Maharashtra,202626.82,2026-09-06 12:46:16,2027-03-15 12:46:16,Y
407,186,2025-05-18 17:13:07,Credit Card,Processing,Vijayawada,Punjab,452311.04,2025-05-18 17:13:07,2025-05-18 17:13:07,Y
408,78,2026-05-28 03:45:04,Credit Card,Processing,Sambalpur,Nagaland,509856.54,2026-05-28 03:45:04,2026-07-01 03:45:04,N
409,6,2023-10-30 10:20:59,Amazon Pay,Processing,Udupi,Rajasthan,153264.87,2023-10-30 10:20:59,2024-01-18 10:20:59,N
410,147,2026-05-08 11:09:54,Cash on Delivery,Shipped,Dhanbad,Goa,189527.26,2026-05-08 11:09:54,2026-09-27 11:09:54,Y
411,40,2025-12-01 07:39:39,Debit Card,Processing,Pimpri-Chinchwad,Rajasthan,158195.54,2025-12-01 07:39:39,2026-03-02 07:39:39,Y
412,66,2024-02-16 06:40:52,UPI,Delivered,Vadodara,Chhattisgarh,116912.4,2024-02-16 06:40:52,2024-04-15 06:40:52,Y
413,20,2023-11-07 13:17:54,Amazon Pay,Processing,Gangtok,Uttarakhand,534803.26,2023-11-07 13:17:54,2024-05-12 13:17:54,Y
414,177,2023-06-22 04:32:38,Amazon Pay,Returned,Bathinda,Assam,689624.46,2023-06-22 04:32:38,2023-10-24 04:32:38,Y
415,165,2022-10-24 06:51:33,UPI,Delivered,Moradabad,Maharashtra,81601.31,2022-10-24 06:51:33,2023-03-25 06:51:33,Y
416,200,2025-03-31 10:08:24,Credit Card,Processing,Nanded,Sikkim,493737.26,2025-03-31 10:08:24,2025-04-20 10:08:24,Y
417,31,2025-09-11 08:04:59,Debit Card,Returned,Phagwara,Sikkim,390372.75,2025-09-11 08:04:59,2025-12-26 08:04:59,N
418,79,2025-04-03 08:17:42,Cash on Delivery,Delivered,Sirsa,Telangana,630035.79,2025-04-03 08:17:42,2025-04-16 08:17:42,Y
419,129,2023-04-10 17:29:40,Amazon Pay,Shipped,Vadodara,Assam,459869.57,2023-04-10 17:29:40,2023-07-02 17:29:40,Y
420,193,2025-05-05 15:27:26,Cash on Delivery,Returned,North Dumdum,Kerala,406620.2,2025-05-05 15:27:26,2025-08-27 15:27:26,Y
421,75,2023-11-21 23:54:17,Net Banking,Shipped,Jabalpur,Tripura,94882.96,2023-11-21 23:54:17,2024-03-10 23:54:17,Y
422,147,2022-09-14 11:00:35,Amazon Pay,Delivered,Jamalpur,Assam,260305.65,2022-09-14 11:00:35,2023-01-13 11:00:35,Y
423,103,2024-03-26 17:44:30,Cash on Delivery,Cancelled,Chittoor,Chhattisgarh,335969.55,2024-03-26 17:44:30,2024-04-16 17:44:30,Y
424,35,2023-02-10 01:28:38,Net Banking,Returned,Panipat,Karnataka,55946.62,2023-02-10 01:28:38,2023-08-24 01:28:38,Y
425,147,2025-05-13 05:06:23,Debit Card,Returned,Loni,Gujarat,150328.38,2025-05-13 05:06:23,2025-10-26 05:06:23,Y
426,63,2026-06-17 18:44:53,Credit Card,Processing,Pudukkottai,Arunachal Pradesh,426028.56,2026-06-17 18:44:53,2026-08-19 18:44:53,Y
427,148,2024-10-01 19:19:10,Credit Card,Delivered,Aurangabad,Telangana,107453.36,2024-10-01 19:19:10,2025-03-25 19:19:10,Y
428,90,2025-08-08 21:28:34,Debit Card,Processing,Karawal Nagar,Telangana,157810.32,2025-08-08 21:28:34,2025-11-09 21:28:34,Y
429,79,2022-03-17 04:59:31,Debit Card,Processing,Purnia,Punjab,227223.78,2022-03-17 04:59:31,2022-09-30 04:59:31,Y
430,38,2025-10-05 21:34:30,Net Banking,Delivered,Rampur,Mizoram,480344.11,2025-10-05 21:34:30,2026-03-13 21:34:30,N
431,176,2023-12-27 10:14:47,UPI,Shipped,Bikaner,Punjab,267247.31,2023-12-27 10:14:47,2024-02-16 10:14:47,Y
432,190,2022-09-24 14:47:18,Credit Card,Shipped,Saharsa,Telangana,376452.44,2022-09-24 14:47:18,2022-10-22 14:47:18,N
433,4,2023-04-04 19:36:02,UPI,Delivered,Kumbakonam,Uttar Pradesh,218031.84,2023-04-04 19:36:02,2023-06-16 19:36:02,Y
434,85,2026-01-03 22:29:45,Debit Card,Returned,Phagwara,Haryana,738160.26,2026-01-03 22:29:45,2026-01-08 22:29:45,Y
435,193,2026-08-25 16:20:33,UPI,Returned,Jammu,Andhra Pradesh,426000.82,2026-08-25 16:20:33,2027-01-05 16:20:33,Y
436,179,2023-03-16 03:37:38,Amazon Pay,Delivered,Nagpur,Manipur,142324.44,2023-03-16 03:37:38,2023-09-09 03:37:38,Y
437,66,2026-06-25 16:59:15,Debit Card,Delivered,Dhule,Uttar Pradesh,402082.33,2026-06-25 16:59:15,2026-07-06 16:59:15,Y
438,120,2024-04-22 20:12:40,Amazon Pay,Delivered,Haridwar,Arunachal Pradesh,530294.85,2024-04-22 20:12:40,2024-05-05 20:12:40,Y
439,169,2024-04-22 22:22:04,UPI,Delivered,Etawah,Nagaland,597445.11,2024-04-22 22:22:04,2024-10-08 22:22:04,Y
440,98,2025-04-15 21:15:38,Cash on Delivery,Delivered,Hyderabad,Rajasthan,204271.97,2025-04-15 21:15:38,2025-06-13 21:15:38,N
441,137,2026-02-14 19:01:45,Credit Card,Shipped,Ichalkaranji,Himachal Pradesh,399812.78,2026-02-14 19:01:45,2026-07-16 19:01:45,Y
442,183,2025-11-23 21:55:50,Credit Card,Delivered,Aizawl,Jharkhand,203249.14,2025-11-23 21:55:50,2026-04-15 21:55:50,Y
443,86,2026-07-03 20:04:15,Net Banking,Cancelled,Chennai,Bihar,329190.18,2026-07-03 20:04:15,2026-09-19 20:04:15,Y
444,176,2022-02-27 01:55:56,UPI,Processing,Mau,Madhya Pradesh,308206.28,2022-02-27 01:55:56,2022-05-26 01:55:56,Y
445,71,2024-01-04 20:42:12,Credit Card,Processing,Akola,Gujarat,170957.77,2024-01-04 20:42:12,2024-05-11 20:42:12,Y
446,72,2022-04-02 13:08:10,Debit Card,Shipped,Sonipat,Sikkim,332463.98,2022-04-02 13:08:10,2022-08-22 13:08:10,Y
447,36,2025-05-05 12:45:54,Credit Card,Cancelled,Bhalswa Jahangir Pur,Uttar Pradesh,222751.48,2025-05-05 12:45:54,2025-10-20 12:45:54,Y
448,62,2023-12-08 14:15:32,Cash on Delivery,Shipped,Bhavnagar,Meghalaya,344671.6,2023-12-08 14:15:32,2024-03-23 14:15:32,Y
449,85,2024-08-28 12:56:49,Net Banking,Returned,Jaunpur,West Bengal,164303.04,2024-08-28 12:56:49,2025-01-29 12:56:49,Y
450,139,2023-03-07 13:00:53,Amazon Pay,Shipped,Surendranagar Dudhrej,Uttar Pradesh,21070.68,2023-03-07 13:00:53,2023-08-02 13:00:53,Y
451,181,2024-08-18 00:35:24,Cash on Delivery,Shipped,Pimpri-Chinchwad,Uttarakhand,330939.59,2024-08-18 00:35:24,2025-02-10 00:35:24,Y
452,145,2023-03-27 23:20:49,Debit Card,Processing,Buxar,Telangana,309857.78,2023-03-27 23:20:49,2023-09-10 23:20:49,Y
453,31,2026-07-14 20:29:34,Debit Card,Processing,Miryalaguda,Nagaland,189701.04,2026-07-14 20:29:34,2027-01-14 20:29:34,Y
454,8,2023-03-29 02:58:07,UPI,Cancelled,Dhule,Odisha,266769.7,2023-03-29 02:58:07,2023-10-01 02:58:07,N
455,191,2024-07-31 11:16:27,Amazon Pay,Processing,Raichur,Assam,229128.96,2024-07-31 11:16:27,2024-11-21 11:16:27,Y
456,34,2023-08-07 21:20:43,Debit Card,Delivered,Parbhani,Uttarakhand,79017.02,2023-08-07 21:20:43,2023-09-03 21:20:43,Y
457,146,2024-04-09 02:43:06,Cash on Delivery,Shipped,Sonipat,Madhya Pradesh,39731.02,2024-04-09 02:43:06,2024-09-11 02:43:06,Y
458,7,2023-12-19 10:04:28,UPI,Delivered,Aurangabad,Punjab,168289.92,2023-12-19 10:04:28,2024-06-11 10:04:28,Y
459,129,2026-01-20 18:02:14,Cash on Delivery,Cancelled,Gaya,Punjab,91801.74,2026-01-20 18:02:14,2026-02-23 18:02:14,Y
460,100,2025-03-07 20:26:02,Net Banking,Cancelled,Aizawl,Tamil Nadu,255736.32,2025-03-07 20:26:02,2025-04-23 20:26:02,Y
461,9,2023-08-24 10:29:51,Net Banking,Delivered,Patna,Himachal Pradesh,168536.96,2023-08-24 10:29:51,2023-10-20 10:29:51,N
462,191,2025-07-07 06:47:41,Amazon Pay,Shipped,Chandigarh,Meghalaya,458945.66,2025-07-07 06:47:41,2025-09-01 06:47:41,Y
463,113,2022-07-25 11:28:55,Cash on Delivery,Cancelled,Serampore,Manipur,205625.64,2022-07-25 11:28:55,2022-09-08 11:28:55,Y
464,110,2025-11-22 13:01:21,Net Banking,Delivered,Thrissur,Mizoram,46893.8,2025-11-22 13:01:21,2026-01-24 13:01:21,Y
465,81,2025-03-27 18:45:13,Net Banking,Returned,Akola,Bihar,224378.53,2025-03-27 18:45:13,2025-09-27 18:45:13,N
466,165,2026-07-24 18:56:29,Amazon Pay,Delivered,Agra,Tripura,490605.4,2026-07-24 18:56:29,2026-12-05 18:56:29,Y
467,11,2025-11-04 02:27:06,Debit Card,Returned,Tiruchirappalli,Manipur,561007.25,2025-11-04 02:27:06,2026-02-28 02:27:06,Y
468,100,2022-05-02 22:48:46,Cash on Delivery,Delivered,Karawal Nagar,Mizoram,128345.28,2022-05-02 22:48:46,2022-09-21 22:48:46,Y
469,78,2025-09-27 15:30:44,UPI,Cancelled,Jhansi,Karnataka,954181.9,2025-09-27 15:30:44,2026-01-06 15:30:44,Y
470,14,2024-07-03 17:31:32,Amazon Pay,Returned,Loni,Jharkhand,156100.16,2024-07-03 17:31:32,2024-12-06 17:31:32,N
471,116,2025-12-11 06:57:07,Credit Card,Returned,Asansol,Tripura,200776.92,2025-12-11 06:57:07,2026-05-25 06:57:07,Y
472,101,2026-08-25 15:04:01,Net Banking,Processing,Hazaribagh,Sikkim,408614.13,2026-08-25 15:04:01,2026-09-28 15:04:01,Y
473,152,2023-07-10 18:09:12,Amazon Pay,Shipped,Tiruppur,Telangana,541813.91,2023-07-10 18:09:12,2023-11-03 18:09:12,Y
474,83,2022-10-08 04:16:59,Amazon Pay,Shipped,Jaunpur,Madhya Pradesh,653483.12,2022-10-08 04:16:59,2022-12-11 04:16:59,Y
475,30,2023-01-19 20:07:28,Amazon Pay,Cancelled,Kolkata,Jharkhand,17125.88,2023-01-19 20:07:28,2023-02-11 20:07:28,Y
476,182,2022-09-23 00:55:01,Net Banking,Returned,Hindupur,West Bengal,232318.89,2022-09-23 00:55:01,2023-02-04 00:55:01,Y
477,141,2023-05-12 18:59:00,Net Banking,Delivered,Thoothukudi,Manipur,179700.78,2023-05-12 18:59:00,2023-08-16 18:59:00,Y
478,169,2024-11-07 09:48:43,Debit Card,Shipped,Kota,Mizoram,156002.87,2024-11-07 09:48:43,2025-03-31 09:48:43,Y
479,183,2023-07-10 17:16:21,Credit Card,Cancelled,Lucknow,Odisha,103796.04,2023-07-10 17:16:21,2024-01-22 17:16:21,Y
480,161,2025-10-18 11:25:32,Debit Card,Delivered,Bhagalpur,Karnataka,310725.08,2025-10-18 11:25:32,2025-12-30 11:25:32,Y
481,160,2023-09-23 05:43:10,UPI,Delivered,Nellore,Jharkhand,678388.47,2023-09-23 05:43:10,2023-09-23 05:43:10,Y
482,2,2026-03-30 05:27:36,Cash on Delivery,Cancelled,Katihar,Karnataka,220275.39,2026-03-30 05:27:36,2026-08-16 05:27:36,Y
483,105,2026-01-17 23:39:24,Net Banking,Delivered,Kochi,Himachal Pradesh,12365.96,2026-01-17 23:39:24,2026-05-13 23:39:24,Y
484,141,2022-01-21 10:07:12,UPI,Returned,Sangli-Miraj & Kupwad,Himachal Pradesh,373421.28,2022-01-21 10:07:12,2022-03-24 10:07:12,Y
485,48,2023-10-08 02:34:54,Debit Card,Delivered,Kanpur,Punjab,194841.11,2023-10-08 02:34:54,2023-10-20 02:34:54,Y
486,9,2022-04-25 02:07:12,Amazon Pay,Returned,Tiruppur,Nagaland,108652.35,2022-04-25 02:07:12,2022-06-01 02:07:12,Y
487,23,2024-07-16 05:24:52,Credit Card,Delivered,Jamalpur,Karnataka,121922.46,2024-07-16 05:24:52,2024-10-08 05:24:52,Y
488,173,2023-07-08 19:09:49,UPI,Returned,Ajmer,Tamil Nadu,599185.05,2023-07-08 19:09:49,2023-08-18 19:09:49,Y
489,192,2023-07-06 05:20:21,Cash on Delivery,Processing,Chapra,Haryana,314426.12,2023-07-06 05:20:21,2023-10-30 05:20:21,N
490,77,2022-10-17 07:59:56,UPI,Processing,Madurai,Jharkhand,366623.05,2022-10-17 07:59:56,2023-05-01 07:59:56,Y
491,110,2022-07-30 05:35:35,Cash on Delivery,Delivered,Panvel,Manipur,234488.93,2022-07-30 05:35:35,2023-02-09 05:35:35,Y
492,178,2023-02-23 00:27:40,UPI,Processing,Bikaner,Andhra Pradesh,46893.8,2023-02-23 00:27:40,2023-03-26 00:27:40,Y
493,179,2026-06-19 00:27:25,Debit Card,Returned,Dhanbad,Bihar,586991.66,2026-06-19 00:27:25,2026-08-11 00:27:25,Y
494,124,2026-07-02 09:07:06,Amazon Pay,Returned,Meerut,Assam,109742.46,2026-07-02 09:07:06,2026-07-24 09:07:06,N
495,156,2024-06-11 06:14:15,UPI,Processing,Katni,Goa,359884.86,2024-06-11 06:14:15,2024-09-28 06:14:15,Y
496,158,2025-01-04 09:13:03,Cash on Delivery,Cancelled,Tadepalligudem,Kerala,165477.74,2025-01-04 09:13:03,2025-02-06 09:13:03,Y
497,47,2026-03-27 10:16:02,Cash on Delivery,Shipped,Thoothukudi,Uttarakhand,896690.18,2026-03-27 10:16:02,2026-07-31 10:16:02,Y
498,31,2023-08-25 08:32:23,Credit Card,Cancelled,Deoghar,Assam,804254.07,2023-08-25 08:32:23,2023-08-25 08:32:23,Y
499,54,2023-01-02 09:10:44,Cash on Delivery,Cancelled,Tezpur,Chhattisgarh,641207.48,2023-01-02 09:10:44,2023-07-09 09:10:44,Y
500,144,2024-11-03 01:21:16,Amazon Pay,Shipped,Bhind,Bihar,212924.64,2024-11-03 01:21:16,2025-01-31 01:21:16,Y
