review_id,product_id,customer_id,order_id,rating,review_title,review_text,review_timestamp,is_verified_purchase,created_timestamp,updated_timestamp,is_active
1,241,72,94,3,Est officia quisquam iusto,Corporis tempore ducimus facilis delectus totam ex similique eveniet laborum aperiam beatae laboriosam.,2024-06-03 19:33:11,Y,2024-06-03 19:33:11,2024-07-15 19:33:11,Y
2,191,141,173,5,Eligendi expedita nemo,Aut repellendus reiciendis eveniet officiis recusandae minus id impedit nulla molestias voluptate fugit exercitationem repellendus nihil quos ipsa.,2025-09-25 16:00:17,Y,2025-09-25 16:00:17,2025-11-21 16:00:17,Y
3,35,136,183,5,Molestias doloremque optio aspernatur,Saepe beatae nisi eveniet atque ipsum est illo nisi placeat nisi reprehenderit eveniet officia aperiam dolor consequuntur neque quidem.,2022-11-26 16:50:22,Y,2022-11-26 16:50:22,2023-01-24 16:50:22,Y
4,72,31,123,5,Quidem optio,Minus harum neque deserunt placeat et necessitatibus totam esse velit ipsa voluptatem exercitationem at ab voluptates illo.,2023-10-05 15:20:24,Y,2023-10-05 15:20:24,2024-02-23 15:20:24,Y
5,111,161,480,5,Sequi aperiam tempore,A nam voluptatem autem eligendi adipisci inventore nihil numquam.,2022-03-26 23:22:23,Y,2022-03-26 23:22:23,2022-08-26 23:22:23,Y
6,210,159,377,4,Illo ipsa distinctio cupiditate,Deleniti fugit unde saepe culpa voluptatum pariatur consequatur asperiores accusamus quam.,2023-08-30 06:08:46,Y,2023-08-30 06:08:46,2023-08-31 06:08:46,Y
7,46,179,22,5,Omnis voluptate consequatur consequatur,Similique tempora possimus ut numquam iste incidunt reprehenderit harum dolorem incidunt ab libero quasi quae earum.,2023-09-24 03:17:10,Y,2023-09-24 03:17:10,2023-12-05 03:17:10,Y
8,186,69,396,3,Nemo alias alias laboriosam fuga,Laboriosam porro consequuntur quasi voluptates voluptates quod iure aspernatur suscipit at iusto qui vero aspernatur odio reiciendis est amet exercitationem.,2025-10-14 00:31:55,Y,2025-10-14 00:31:55,2026-02-24 00:31:55,Y
9,1,65,342,5,Iusto maiores,Nemo ex explicabo voluptate eos cumque possimus nisi esse quos ea occaecati neque nemo omnis eos qui ad.,2022-12-07 13:28:39,Y,2022-12-07 13:28:39,2023-06-08 13:28:39,Y
10,120,163,102,4,Assumenda magni sed eius,Nulla eius ducimus qui nobis tenetur qui omnis fuga cupiditate quos.,2025-09-05 00:05:07,Y,2025-09-05 00:05:07,2026-01-09 00:05:07,Y
11,43,86,121,5,Laborum reiciendis similique,Voluptates voluptas nisi reprehenderit saepe quidem impedit fugit optio quas cumque neque sapiente amet eaque.,2022-12-28 20:05:00,Y,2022-12-28 20:05:00,2023-03-28 20:05:00,Y
12,197,141,477,3,Amet iure,Error quia quibusdam minus fugit provident labore corporis sit accusamus unde ipsum perspiciatis vitae placeat aliquam ullam odit.,2022-08-19 23:57:44,Y,2022-08-19 23:57:44,2022-11-10 23:57:44,Y
13,254,191,226,5,Nostrum officiis earum earum,Ducimus nesciunt itaque perferendis doloribus perferendis quo maxime perspiciatis voluptatibus.,2025-11-09 20:43:50,Y,2025-11-09 20:43:50,2026-04-19 20:43:50,Y
14,72,169,439,4,Molestias perferendis rerum accusamus,Minima placeat expedita quam dolorum alias nulla animi nisi tempora.,2024-09-05 01:55:45,Y,2024-09-05 01:55:45,2024-09-14 01:55:45,Y
15,194,7,458,5,Veniam odit provident,Assumenda non fugiat quisquam officia rem delectus beatae delectus eos optio.,2023-08-15 13:09:15,Y,2023-08-15 13:09:15,2024-01-04 13:09:15,Y
16,40,148,427,3,Odit ullam,Quo porro pariatur quo ducimus quos eius aperiam harum voluptatum ducimus repellat debitis architecto.,2022-01-25 18:19:48,Y,2022-01-25 18:19:48,2022-03-28 18:19:48,Y
17,60,145,268,4,Nostrum debitis laudantium,Molestiae inventore nostrum autem ipsam ea alias architecto quas quod accusantium.,2023-08-31 22:49:55,Y,2023-08-31 22:49:55,2023-11-06 22:49:55,Y
18,256,57,357,3,Corrupti odit ut optio,Corrupti ex hic a provident quo laboriosam illo quas repellat architecto dolorem fugit porro.,2026-03-24 06:36:19,Y,2026-03-24 06:36:19,2026-06-04 06:36:19,Y
19,132,38,430,5,Commodi modi voluptatibus ex,Id odio vero at modi vero aspernatur itaque quisquam officia debitis aliquam fugit deleniti.,2026-05-24 02:34:57,Y,2026-05-24 02:34:57,2026-11-25 02:34:57,Y
20,293,58,4,5,Tempore occaecati facere assumenda,Ipsa deleniti alias ad voluptatum dolores harum recusandae officia libero vitae repellat vitae accusamus excepturi excepturi quam illo distinctio omnis minima.,2022-07-28 23:21:49,Y,2022-07-28 23:21:49,2022-11-30 23:21:49,Y
21,28,40,144,5,Corrupti neque unde alias consequuntur,Iusto ullam aliquid praesentium consectetur cupiditate amet esse recusandae.,2022-05-01 14:05:13,Y,2022-05-01 14:05:13,2022-08-16 14:05:13,Y
22,272,79,418,4,Nostrum saepe aperiam repellendus,Libero reiciendis dolore rem incidunt repellat voluptatem perspiciatis eveniet voluptate nemo.,2023-12-31 05:40:39,Y,2023-12-31 05:40:39,2024-06-11 05:40:39,Y
23,28,65,367,5,Eum vitae distinctio,Nihil excepturi blanditiis consequuntur impedit possimus mollitia ipsa unde.,2024-07-21 09:07:12,Y,2024-07-21 09:07:12,2024-09-18 09:07:12,Y
24,51,120,438,4,Consequatur ratione,Nostrum quod accusamus laborum ab debitis at officiis suscipit impedit rem quo possimus dignissimos odit minima illum vel nostrum alias debitis.,2026-03-04 01:35:58,Y,2026-03-04 01:35:58,2026-08-12 01:35:58,Y
25,267,167,256,4,Nostrum at repudiandae error,A doloremque blanditiis minus atque facere quis molestiae dolor quo omnis eius deserunt recusandae placeat voluptas.,2024-07-06 19:54:16,Y,2024-07-06 19:54:16,2024-07-30 19:54:16,Y
26,219,161,480,4,Libero cum ullam amet,Eligendi ipsa ex rem quis aliquam qui unde debitis quos laborum blanditiis tempora quam nihil.,2025-07-27 15:11:52,Y,2025-07-27 15:11:52,2025-11-18 15:11:52,Y
27,74,66,437,4,In quia tempore dolorem,Eveniet atque qui sit fugiat dolore iusto laborum tempora corporis unde.,2022-12-26 20:06:14,Y,2022-12-26 20:06:14,2023-02-09 20:06:14,Y
28,12,176,221,4,Debitis fuga itaque deserunt,Voluptate dicta consectetur porro animi consequatur sequi itaque cupiditate exercitationem suscipit nobis ratione odit nostrum.,2024-12-15 21:20:12,Y,2024-12-15 21:20:12,2025-06-11 21:20:12,Y
29,35,42,104,4,Neque mollitia dolorem,Sequi laudantium voluptatum nihil saepe eius quas quasi doloribus eveniet neque tempora nihil corrupti nemo a.,2026-02-28 19:29:06,Y,2026-02-28 19:29:06,2026-07-31 19:29:06,Y
30,136,195,155,5,Aliquam iusto,Alias minus laboriosam reiciendis reprehenderit iste dolores nam accusamus quasi veniam consequatur eos officia at laboriosam esse provident.,2024-06-22 21:19:51,Y,2024-06-22 21:19:51,2024-08-29 21:19:51,Y
31,133,23,487,5,Quibusdam ad iste quo soluta,Delectus sit occaecati provident a occaecati harum porro minus eos quidem praesentium nostrum nemo dignissimos placeat.,2022-07-08 21:49:10,Y,2022-07-08 21:49:10,2022-11-28 21:49:10,Y
32,107,168,163,5,Sunt quasi amet veniam perferendis,Beatae facilis nulla facilis cupiditate nam architecto quae dignissimos.,2025-07-01 15:27:47,Y,2025-07-01 15:27:47,2025-10-09 15:27:47,Y
33,128,52,300,4,Dolores beatae laboriosam vel,Sit praesentium quidem quis eum tempore magnam in amet fuga iste magnam repudiandae iusto minus repudiandae tempore iste fuga perferendis.,2024-03-20 23:09:16,Y,2024-03-20 23:09:16,2024-04-02 23:09:16,Y
34,17,165,466,5,Deleniti sunt,Aspernatur tempore enim vero autem eius possimus libero soluta maxime.,2024-11-21 20:25:23,Y,2024-11-21 20:25:23,2025-05-02 20:25:23,Y
35,38,150,206,5,Ad impedit placeat ut labore,Ipsam officia eos aperiam sit doloremque veniam officia illum exercitationem officia eveniet nihil possimus sapiente ipsum.,2025-06-27 05:45:48,Y,2025-06-27 05:45:48,2025-08-22 05:45:48,Y
36,134,188,132,5,Necessitatibus tempore esse,Dolorem fuga enim sapiente corporis eligendi vero nulla cum modi delectus cupiditate provident.,2022-12-09 17:43:42,Y,2022-12-09 17:43:42,2023-05-15 17:43:42,Y
37,56,42,104,2,Cum blanditiis voluptatibus,Consectetur ea delectus natus alias et exercitationem fuga molestiae cum error ullam illo libero corporis itaque eum a qui.,2022-03-07 14:38:57,Y,2022-03-07 14:38:57,2022-06-12 14:38:57,Y
38,194,7,458,5,Ex provident labore enim,Pariatur reiciendis quas ullam excepturi beatae laboriosam aliquam perspiciatis blanditiis ad nulla dolore facere eveniet non deserunt minima quos.,2024-12-31 19:15:54,Y,2024-12-31 19:15:54,2025-07-15 19:15:54,Y
39,111,64,60,4,Deserunt assumenda sed,Voluptate hic laudantium nobis maiores animi pariatur id quaerat incidunt.,2026-05-31 09:16:20,Y,2026-05-31 09:16:20,2026-07-23 09:16:20,Y
40,265,114,143,5,Fuga eligendi expedita voluptate,Assumenda quas ipsam voluptatibus rem enim rem voluptas incidunt tempore consequuntur nesciunt assumenda dignissimos labore sint voluptates architecto vero.,2026-07-23 08:35:55,Y,2026-07-23 08:35:55,2026-11-01 08:35:55,Y
41,212,119,153,4,At illum totam impedit,Iure necessitatibus totam dicta rerum enim laudantium reprehenderit error nesciunt laudantium qui dolore recusandae culpa error odit odio commodi.,2023-05-17 11:10:02,Y,2023-05-17 11:10:02,2023-08-20 11:10:02,Y
42,229,172,150,1,Impedit laudantium porro,Adipisci quisquam laudantium voluptas nisi facere laboriosam ipsa ducimus placeat voluptate repellendus fuga.,2024-02-12 16:41:43,Y,2024-02-12 16:41:43,2024-02-15 16:41:43,Y
43,140,187,11,5,Accusantium ea neque corporis itaque,Facere amet facere odio veritatis aliquid eos odit asperiores deserunt occaecati.,2026-04-08 02:29:59,Y,2026-04-08 02:29:59,2026-07-18 02:29:59,Y
44,14,24,30,1,Nisi cumque,Sit repudiandae placeat error placeat porro atque neque reprehenderit accusamus maxime fuga laborum excepturi tenetur.,2024-05-29 12:41:59,Y,2024-05-29 12:41:59,2024-08-14 12:41:59,Y
45,251,148,427,4,Dolor magnam,Recusandae nam porro veritatis sapiente quae praesentium rem impedit totam blanditiis consectetur.,2024-02-08 08:40:35,Y,2024-02-08 08:40:35,2024-02-16 08:40:35,Y
46,120,163,102,5,Laboriosam est,Consequuntur ipsam voluptates minima voluptas cupiditate esse quia blanditiis consectetur possimus porro esse distinctio voluptatem.,2025-05-30 02:09:20,Y,2025-05-30 02:09:20,2025-07-02 02:09:20,Y
47,102,168,172,5,Porro quos aspernatur quo,Aliquam autem recusandae maiores animi blanditiis ducimus architecto pariatur quidem quos ullam dignissimos temporibus delectus expedita at.,2022-08-26 18:16:23,Y,2022-08-26 18:16:23,2022-09-13 18:16:23,Y
48,194,7,458,5,Veniam expedita cum,Quos nostrum magnam architecto reprehenderit quis minus quaerat vitae cupiditate quidem a quas unde ullam sed labore praesentium.,2022-03-04 14:48:16,Y,2022-03-04 14:48:16,2022-03-07 14:48:16,Y
49,210,159,377,5,Ipsam vero debitis,Voluptatem incidunt maiores illum quis et iure maxime libero facere enim quam aspernatur laudantium harum.,2023-04-17 18:34:29,Y,2023-04-17 18:34:29,2023-05-11 18:34:29,Y
50,111,110,491,5,Nobis est voluptate ipsam,Illum voluptates incidunt sequi tempora rem vel facilis accusamus perferendis perferendis id minima perspiciatis blanditiis hic possimus voluptate qui.,2023-08-27 14:52:14,Y,2023-08-27 14:52:14,2024-01-29 14:52:14,Y
51,133,23,487,5,Aperiam voluptate excepturi,Sapiente illo doloremque incidunt libero quisquam quisquam nisi quidem reiciendis velit explicabo pariatur veniam voluptates maiores corporis iste commodi laudantium.,2025-08-13 21:41:01,Y,2025-08-13 21:41:01,2025-12-22 21:41:01,Y
52,236,193,197,2,Occaecati consequatur aut,Rerum libero ad debitis non eveniet esse numquam quis.,2025-11-26 18:29:04,Y,2025-11-26 18:29:04,2026-01-16 18:29:04,Y
53,26,179,436,4,Quisquam recusandae dicta optio laudantium,Molestiae repellat molestiae accusantium quisquam voluptatibus sunt blanditiis ipsum sequi ipsam alias debitis.,2025-03-15 23:53:38,Y,2025-03-15 23:53:38,2025-05-28 23:53:38,Y
54,238,24,151,4,Suscipit cum inventore,Quaerat laborum autem perferendis optio placeat nemo labore sequi magni hic libero voluptas nulla.,2024-05-15 10:46:56,Y,2024-05-15 10:46:56,2024-09-15 10:46:56,Y
55,32,34,456,5,Quisquam eligendi aperiam nihil,Saepe expedita quia ad tempora exercitationem atque exercitationem facere expedita optio.,2025-04-03 02:25:57,Y,2025-04-03 02:25:57,2025-04-07 02:25:57,Y
56,72,165,466,5,Doloremque est assumenda,Sit beatae cumque modi alias omnis in maiores in accusantium.,2025-03-04 01:20:05,Y,2025-03-04 01:20:05,2025-09-15 01:20:05,Y
57,264,132,98,5,Nihil voluptates fugiat hic,Atque laborum porro dignissimos libero repellat pariatur cumque error voluptas dicta odio voluptate asperiores sed distinctio eaque error nemo.,2023-11-28 03:11:18,Y,2023-11-28 03:11:18,2024-04-23 03:11:18,Y
58,186,100,291,4,Numquam vero quaerat,Atque excepturi architecto reiciendis labore distinctio recusandae officiis error rem inventore molestiae dicta illo numquam iste quis debitis accusantium provident.,2025-10-21 01:05:43,Y,2025-10-21 01:05:43,2026-01-23 01:05:43,Y
59,264,132,98,5,Nemo distinctio vitae,Eaque odit repellat sequi tenetur vel quas animi dicta iure dolores quia quisquam sapiente illum similique tenetur.,2024-10-29 20:11:08,Y,2024-10-29 20:11:08,2024-12-04 20:11:08,Y
60,95,48,76,5,Sapiente eaque enim,Ducimus nobis illo beatae deleniti doloribus repudiandae iure nam ipsa officia alias.,2023-06-10 20:37:15,Y,2023-06-10 20:37:15,2023-08-02 20:37:15,Y
61,245,57,357,3,Earum adipisci ratione,Omnis debitis sequi vitae laborum accusantium similique assumenda nobis sint tempore illum facilis omnis.,2024-02-16 15:02:39,Y,2024-02-16 15:02:39,2024-03-08 15:02:39,Y
62,272,79,418,5,Id saepe,Doloremque necessitatibus magnam blanditiis optio neque quod minima libero at nobis.,2026-06-15 03:57:18,Y,2026-06-15 03:57:18,2026-12-17 03:57:18,Y
63,196,160,481,4,Eveniet nesciunt harum quibusdam,Vel dolor autem distinctio earum illum sint animi modi praesentium beatae molestias labore.,2022-07-03 02:21:35,Y,2022-07-03 02:21:35,2023-01-15 02:21:35,Y
64,251,21,293,1,Vitae sunt vel,Labore facilis est officia temporibus alias qui reiciendis amet totam perferendis ducimus harum odit praesentium.,2024-11-15 17:17:59,Y,2024-11-15 17:17:59,2024-12-23 17:17:59,Y
65,170,183,442,5,Modi dolores ipsam,Tenetur hic voluptate ducimus at reprehenderit doloremque distinctio tempora.,2022-01-18 07:27:41,Y,2022-01-18 07:27:41,2022-03-27 07:27:41,Y
66,148,161,480,4,Occaecati sunt quisquam illo,Earum aspernatur quod laudantium qui unde ex in ullam.,2026-02-27 10:07:05,Y,2026-02-27 10:07:05,2026-07-16 10:07:05,Y
67,26,179,436,5,Repudiandae praesentium,Architecto in quas molestias eveniet possimus quis odit delectus ipsam odit a dicta esse nemo beatae dolorum quae.,2024-09-26 21:58:38,Y,2024-09-26 21:58:38,2025-01-22 21:58:38,Y
68,48,119,365,4,Sed placeat recusandae,Iste sit consequatur cupiditate nihil eveniet eligendi assumenda facilis hic fugiat rerum necessitatibus accusantium ad.,2022-09-11 00:10:54,Y,2022-09-11 00:10:54,2022-10-07 00:10:54,Y
69,142,61,70,1,Officia occaecati tenetur voluptate dicta,Amet nulla nobis corrupti vero cumque necessitatibus accusamus minima quo unde repudiandae.,2023-01-31 10:52:10,Y,2023-01-31 10:52:10,2023-08-12 10:52:10,Y
70,206,69,366,4,Blanditiis quae deleniti similique,Enim laudantium consectetur sequi nobis voluptatum eligendi perspiciatis in illum corporis enim ea nulla.,2023-06-01 08:32:40,Y,2023-06-01 08:32:40,2023-07-21 08:32:40,Y
71,60,15,100,3,Fuga placeat itaque,Iusto sit voluptate id distinctio fugit incidunt nisi asperiores.,2025-08-10 21:19:08,Y,2025-08-10 21:19:08,2025-12-14 21:19:08,Y
72,40,65,367,5,Animi ex doloremque tenetur voluptatum,Quae repellat a magnam fugit voluptate perferendis consequatur tempora aliquam debitis cumque laudantium excepturi iusto at quae inventore ea et.,2023-03-11 13:07:09,Y,2023-03-11 13:07:09,2023-09-18 13:07:09,Y
73,21,62,298,3,Libero voluptate eligendi,Unde eligendi soluta nostrum quis eaque est tempora et voluptatum quis corrupti sequi omnis reiciendis.,2022-01-29 18:21:56,Y,2022-01-29 18:21:56,2022-04-14 18:21:56,Y
74,1,134,194,5,Deleniti amet,Alias ea provident ipsa voluptatum unde aliquam explicabo quae laborum laudantium sapiente.,2026-06-12 06:56:24,Y,2026-06-12 06:56:24,2026-09-02 06:56:24,Y
75,158,162,266,5,Commodi atque sit,Rerum quibusdam reprehenderit natus optio distinctio voluptatum a quisquam debitis ullam doloribus.,2023-03-16 16:19:01,Y,2023-03-16 16:19:01,2023-05-29 16:19:01,Y
76,241,40,144,4,Perspiciatis suscipit ad perspiciatis,Hic nihil veritatis saepe corrupti aspernatur rerum optio iste veritatis nisi.,2026-06-02 15:45:49,Y,2026-06-02 15:45:49,2026-11-03 15:45:49,Y
77,132,102,344,5,Eveniet aliquam,Veritatis eveniet quasi quasi vero necessitatibus distinctio aliquid officia eum animi architecto veritatis fugit id debitis vitae sint at sequi.,2024-10-22 19:47:39,Y,2024-10-22 19:47:39,2025-05-01 19:47:39,Y
78,43,86,121,5,Harum illo officia,Blanditiis laudantium inventore rem est placeat consectetur pariatur rerum maiores laudantium.,2026-06-18 04:29:29,Y,2026-06-18 04:29:29,2026-12-18 04:29:29,Y
79,267,2,9,3,Labore natus in quidem,Nostrum ipsa incidunt aliquam exercitationem iure dolore placeat culpa libero occaecati minima enim ipsa tenetur labore.,2025-07-17 09:47:51,Y,2025-07-17 09:47:51,2025-08-31 09:47:51,Y
80,111,64,60,3,Voluptates placeat error,Minima eos aliquid asperiores aliquid autem incidunt atque optio necessitatibus ducimus ducimus aspernatur.,2024-08-26 20:30:49,Y,2024-08-26 20:30:49,2025-02-21 20:30:49,Y
81,266,183,442,4,Accusamus qui iure ratione,Aliquid impedit provident et quam quidem ipsum repellat exercitationem ullam repellat distinctio aspernatur voluptatem ea perferendis.,2026-07-29 16:09:59,Y,2026-07-29 16:09:59,2026-11-23 16:09:59,Y
82,272,46,55,3,Modi ab blanditiis cupiditate,Itaque illo omnis quia quas esse repellat nulla porro vitae perferendis rem assumenda consequatur deleniti repellendus possimus deleniti.,2025-12-27 04:21:54,Y,2025-12-27 04:21:54,2026-05-28 04:21:54,Y
83,40,51,246,1,Distinctio officiis,Ipsa numquam ratione deleniti error iure labore accusantium cumque corrupti praesentium vitae iusto.,2024-12-07 17:53:28,Y,2024-12-07 17:53:28,2025-05-16 17:53:28,Y
84,66,28,142,5,Nesciunt dicta necessitatibus rerum,Ex aut sed inventore impedit libero neque quasi voluptatum.,2024-06-01 22:33:41,Y,2024-06-01 22:33:41,2024-09-18 22:33:41,Y
85,28,150,206,5,Laborum laborum,Quam vel temporibus sint doloremque aperiam accusantium nemo mollitia eaque officia suscipit blanditiis numquam officia ipsum ipsa cum quas iusto.,2025-06-06 21:52:04,Y,2025-06-06 21:52:04,2025-08-10 21:52:04,Y
86,297,4,433,3,Doloremque dolor tenetur excepturi,Sequi quaerat iusto sunt quam hic impedit velit officiis facere iusto voluptas cum dignissimos porro assumenda laboriosam cupiditate culpa laudantium.,2022-08-29 17:02:18,Y,2022-08-29 17:02:18,2023-01-27 17:02:18,Y
87,17,165,466,4,Velit laudantium doloremque nam,Facere ea perspiciatis cupiditate similique magnam rem excepturi beatae.,2024-05-19 21:14:05,Y,2024-05-19 21:14:05,2024-07-03 21:14:05,Y
88,182,132,98,5,Blanditiis dolore ducimus,Quos quo quo nam tempore sequi soluta nobis aut amet veniam reiciendis vitae quidem voluptate.,2026-06-11 18:50:17,Y,2026-06-11 18:50:17,2026-11-08 18:50:17,Y
89,96,153,272,5,Non similique aut natus magni,Occaecati sit tenetur culpa eos ipsam magni quasi aut officia ex consequuntur.,2024-05-11 08:19:34,Y,2024-05-11 08:19:34,2024-11-15 08:19:34,Y
90,51,120,438,1,Ipsa impedit quisquam,Rerum labore enim cupiditate eaque quaerat impedit occaecati doloribus quidem minus ratione consequuntur.,2023-10-13 07:02:23,Y,2023-10-13 07:02:23,2023-11-25 07:02:23,Y
91,263,119,153,3,Impedit illum itaque sequi,Velit ipsam quo quaerat maxime architecto excepturi illo quo ipsa hic alias ullam corrupti nemo.,2022-10-11 18:40:28,Y,2022-10-11 18:40:28,2023-03-17 18:40:28,Y
92,145,188,132,2,Voluptatem reiciendis soluta voluptate in,Sit quam et exercitationem repudiandae tempore nostrum corporis illo officia suscipit numquam nulla ipsam exercitationem repellat officiis quod sunt.,2022-01-01 18:24:28,Y,2022-01-01 18:24:28,2022-03-24 18:24:28,Y
93,50,141,35,4,Alias ex,Maxime molestiae distinctio maiores est exercitationem odio ad tempora molestiae ea.,2026-05-09 19:30:34,Y,2026-05-09 19:30:34,2026-08-29 19:30:34,Y
94,125,139,351,5,Quas voluptates beatae,Sapiente ea magni commodi quidem velit ipsum nemo a excepturi.,2024-07-29 00:23:00,Y,2024-07-29 00:23:00,2024-12-04 00:23:00,Y
95,3,195,155,4,Rem voluptates natus,Pariatur sapiente doloremque error pariatur repellendus nemo consequuntur fugiat qui autem maiores deserunt quod iste corporis incidunt illum at incidunt consectetur.,2025-03-18 06:14:20,Y,2025-03-18 06:14:20,2025-10-02 06:14:20,Y
96,125,139,351,4,Ipsum fuga minima,Nam quod sit nesciunt odio voluptatum porro veniam quasi impedit cum magni laborum itaque voluptas maiores minus possimus iste adipisci.,2024-08-26 14:38:48,Y,2024-08-26 14:38:48,2025-01-06 14:38:48,Y
97,230,48,76,5,Velit fuga veritatis,Sequi beatae fuga enim minima blanditiis esse fugiat eos adipisci corporis quos in vel esse eligendi delectus qui a molestias.,2023-10-27 13:29:32,Y,2023-10-27 13:29:32,2023-12-08 13:29:32,Y
98,277,141,173,4,Sit impedit,Est iste excepturi fugiat rerum rerum consequatur consequuntur odio quis pariatur corrupti quas at numquam numquam harum tempore excepturi.,2025-09-20 11:13:09,Y,2025-09-20 11:13:09,2026-02-10 11:13:09,Y
99,171,183,442,5,Vero suscipit,Officia sint provident nemo recusandae provident natus commodi nam deserunt nulla nemo amet necessitatibus.,2023-01-09 13:43:45,Y,2023-01-09 13:43:45,2023-05-31 13:43:45,Y
100,26,179,436,5,Quibusdam magnam accusantium,Debitis accusantium ratione doloribus provident suscipit ipsam rem non illo aliquid similique ad ipsa impedit similique et ducimus beatae.,2023-07-08 01:34:02,Y,2023-07-08 01:34:02,2023-07-14 01:34:02,Y
101,196,102,344,5,Molestiae eligendi,Ducimus at esse illum cumque nostrum eveniet ad animi harum eum impedit.,2025-08-10 13:32:33,Y,2025-08-10 13:32:33,2025-10-03 13:32:33,Y
102,66,28,142,5,Ducimus velit tempore amet,Quibusdam nesciunt laudantium quibusdam harum beatae aperiam iure illum laborum illum doloremque suscipit.,2025-03-08 14:48:40,Y,2025-03-08 14:48:40,2025-04-22 14:48:40,Y
103,267,2,9,5,Mollitia nesciunt aut,Officiis commodi necessitatibus ipsum sed magnam quos consequuntur molestiae cumque doloribus veritatis vero nam aliquam repellat vero nulla officiis.,2025-10-05 11:54:58,Y,2025-10-05 11:54:58,2026-01-05 11:54:58,Y
104,158,58,4,2,A ut laboriosam,Dolorum perspiciatis voluptatum sapiente distinctio sapiente eligendi cum modi architecto at praesentium rerum quam voluptatum soluta distinctio magnam reiciendis sunt.,2024-08-22 08:24:29,Y,2024-08-22 08:24:29,2024-11-14 08:24:29,Y
105,64,162,266,5,Odio voluptatem provident earum,Exercitationem itaque nobis accusamus porro officia a labore temporibus perferendis impedit tempora provident quis modi.,2026-04-12 02:59:22,Y,2026-04-12 02:59:22,2026-04-15 02:59:22,Y
106,277,162,28,1,Molestiae tempora,Perferendis explicabo repellat repudiandae facere debitis quisquam possimus ab iure vel ipsam dolore accusantium eligendi ullam facere.,2026-01-27 09:03:33,Y,2026-01-27 09:03:33,2026-05-08 09:03:33,Y
107,32,34,456,2,Repellendus numquam,Doloremque laudantium facilis eligendi temporibus provident distinctio deserunt reprehenderit id sit necessitatibus laudantium.,2024-05-01 19:52:57,Y,2024-05-01 19:52:57,2024-10-08 19:52:57,Y
108,53,69,396,5,Deserunt qui perferendis nobis cupiditate,Consectetur aperiam ea necessitatibus dolorem minima quos deleniti perspiciatis voluptatibus possimus minus ducimus nam iste vel odit velit amet vel.,2026-01-02 18:05:04,Y,2026-01-02 18:05:04,2026-06-06 18:05:04,Y
109,256,57,357,5,Sapiente illum commodi maxime,Facere quis sunt dolore eius in ipsum a deserunt aspernatur nemo ad qui voluptatem incidunt asperiores dolorum cum.,2026-01-10 22:52:20,Y,2026-01-10 22:52:20,2026-07-20 22:52:20,Y
110,148,161,480,4,Aperiam numquam adipisci,Repellat nihil numquam ex dolorum autem dolores exercitationem amet ex recusandae velit quod nulla quisquam numquam neque.,2022-11-19 18:23:51,Y,2022-11-19 18:23:51,2022-11-28 18:23:51,Y
111,57,79,418,2,Voluptate totam,Et sed aperiam consectetur ullam ipsam error numquam aperiam perspiciatis nam eos fugit atque quibusdam doloremque.,2023-07-04 15:11:31,Y,2023-07-04 15:11:31,2023-08-06 15:11:31,Y
112,120,163,102,5,Ratione numquam iste iure incidunt,Nulla excepturi vel quos iste eveniet deserunt aut nisi architecto ratione deserunt nemo odit ducimus in quam ipsam doloribus reiciendis.,2025-10-09 12:39:37,Y,2025-10-09 12:39:37,2026-03-21 12:39:37,Y
113,12,176,221,5,Consectetur nesciunt,Vero quidem est suscipit quod corporis est exercitationem fuga ab nesciunt perspiciatis animi magni saepe similique in deserunt.,2026-08-18 09:48:18,Y,2026-08-18 09:48:18,2026-10-28 09:48:18,Y
114,66,28,142,5,Odit dicta architecto,Pariatur possimus voluptatem nobis ex neque vitae nulla in cum iste ratione.,2024-10-30 13:17:57,Y,2024-10-30 13:17:57,2025-04-20 13:17:57,Y
115,12,176,221,1,Libero ullam,Possimus iure distinctio laboriosam quisquam repellendus rem fugiat id repudiandae ab ab facere.,2025-02-11 22:04:09,Y,2025-02-11 22:04:09,2025-06-23 22:04:09,Y
116,51,120,438,5,Beatae enim deserunt nesciunt quisquam,Voluptate dicta eligendi dolor ea cupiditate sed doloribus deserunt.,2025-07-17 15:26:52,Y,2025-07-17 15:26:52,2026-01-03 15:26:52,Y
117,111,64,60,5,Sapiente tenetur accusantium,Fugiat ratione beatae vel esse dolores repellat optio velit voluptate voluptatum.,2026-04-08 04:27:58,Y,2026-04-08 04:27:58,2026-05-15 04:27:58,Y
118,95,48,76,4,Soluta aperiam corporis unde,Deleniti fugiat fugiat nobis voluptate doloribus aliquid nulla deleniti modi ratione eveniet.,2025-10-09 14:12:58,Y,2025-10-09 14:12:58,2025-10-20 14:12:58,Y
119,285,114,143,5,Occaecati eius,Sed voluptas suscipit distinctio aspernatur iusto optio aperiam magni quibusdam officia.,2023-06-22 09:26:41,Y,2023-06-22 09:26:41,2023-12-01 09:26:41,Y
120,16,58,4,4,Fugiat maxime debitis quae minima,Quaerat libero eaque id ullam nesciunt alias dolor dicta sint id esse suscipit necessitatibus vel fugiat mollitia consequatur.,2024-04-30 13:15:33,Y,2024-04-30 13:15:33,2024-09-20 13:15:33,Y
121,36,166,236,5,Eos maxime,Nesciunt iure numquam incidunt iusto illum rem et fugit debitis doloremque officia facere.,2022-09-25 11:43:33,Y,2022-09-25 11:43:33,2023-02-16 11:43:33,Y
122,14,67,85,5,Eos magnam,Officia ratione unde atque architecto alias dicta deserunt eveniet esse repellendus placeat earum provident voluptatum voluptatum quibusdam qui totam.,2022-10-09 08:46:17,Y,2022-10-09 08:46:17,2022-11-24 08:46:17,Y
123,298,130,140,3,Quo eligendi,Quos illo illo neque omnis iusto maiores quis corrupti id dolorem quibusdam labore maiores ratione.,2022-03-04 11:18:51,Y,2022-03-04 11:18:51,2022-09-16 11:18:51,Y
124,267,2,9,2,Quam itaque recusandae est,Inventore velit in ipsa sequi adipisci consequuntur soluta esse qui libero omnis.,2025-03-09 14:56:53,Y,2025-03-09 14:56:53,2025-07-04 14:56:53,Y
125,115,110,464,5,Excepturi in placeat illo,Error nesciunt necessitatibus adipisci consequuntur voluptate voluptatibus necessitatibus reiciendis totam nemo hic fugit veniam aperiam harum labore eveniet vitae.,2024-08-14 05:54:46,Y,2024-08-14 05:54:46,2025-02-04 05:54:46,Y
126,66,28,142,4,At aut mollitia,Repudiandae nobis ad dicta tenetur harum dignissimos enim minima.,2024-08-22 15:35:37,Y,2024-08-22 15:35:37,2024-09-04 15:35:37,Y
127,251,136,183,5,Animi maxime cupiditate similique,Hic voluptatibus consectetur in quia harum temporibus dignissimos sit est repellendus optio culpa nemo est dicta.,2024-05-16 17:01:07,Y,2024-05-16 17:01:07,2024-06-20 17:01:07,Y
128,18,21,293,5,Eius ab consequuntur aperiam,Non doloribus eveniet necessitatibus laudantium iure aliquam at officia ullam expedita sapiente recusandae hic reprehenderit sed.,2023-08-08 20:35:11,Y,2023-08-08 20:35:11,2023-10-16 20:35:11,Y
129,11,5,133,4,Dolorum tempore quasi itaque,Praesentium atque praesentium aliquam suscipit culpa sunt modi pariatur architecto quas temporibus.,2024-03-16 18:50:33,Y,2024-03-16 18:50:33,2024-09-10 18:50:33,Y
130,154,67,85,4,Illum quis commodi fuga,Magnam quod illum cumque dignissimos aliquid ad odit perferendis iure.,2025-01-08 10:08:05,Y,2025-01-08 10:08:05,2025-06-05 10:08:05,Y
131,226,105,483,5,Quia sequi id ab,Quae consequatur pariatur iure itaque assumenda omnis quae ipsa iusto eius.,2023-06-14 15:30:38,Y,2023-06-14 15:30:38,2023-06-23 15:30:38,Y
132,92,56,397,5,Cupiditate accusantium aut,Commodi qui cumque perferendis accusamus earum ipsam debitis quaerat tempora minus ipsam aliquid odio.,2023-04-29 18:08:54,Y,2023-04-29 18:08:54,2023-09-13 18:08:54,Y
133,32,34,456,5,Odit quaerat tempore hic est,Nisi aliquid fugiat dicta dolorum tenetur dicta accusamus adipisci.,2024-12-13 20:20:38,Y,2024-12-13 20:20:38,2025-05-27 20:20:38,Y
134,111,110,491,5,Excepturi deleniti,Dolore sunt reiciendis rerum cumque cumque impedit autem eveniet natus.,2023-10-07 12:21:58,Y,2023-10-07 12:21:58,2024-01-02 12:21:58,Y
135,16,3,363,5,Numquam vel hic,Blanditiis distinctio explicabo cupiditate illo et harum itaque architecto repellendus officiis fuga architecto dolor error nisi voluptatem.,2022-10-09 23:22:10,Y,2022-10-09 23:22:10,2023-02-17 23:22:10,Y
136,214,168,163,1,Quae recusandae,Cupiditate vero nobis voluptatem possimus perspiciatis voluptas possimus ex odio sunt et sed laboriosam ex non nesciunt fugit odit.,2025-12-24 01:21:35,Y,2025-12-24 01:21:35,2026-02-28 01:21:35,Y
137,160,15,100,4,Magnam provident accusamus,Nulla tempore est qui quidem nulla animi fugiat eos.,2026-01-16 10:12:45,Y,2026-01-16 10:12:45,2026-02-20 10:12:45,Y
138,190,23,222,5,Fugiat odit dolores,Voluptates ipsam soluta consequatur et ratione aliquam recusandae impedit repellat quibusdam dolorem quasi exercitationem dignissimos amet ullam voluptates reiciendis possimus.,2025-03-20 03:01:25,Y,2025-03-20 03:01:25,2025-09-04 03:01:25,Y
139,277,162,28,4,Non fugit eum,Occaecati aperiam laudantium veritatis amet voluptatibus vel commodi cupiditate molestias recusandae dignissimos magni incidunt iusto cum deserunt.,2022-11-22 00:30:29,Y,2022-11-22 00:30:29,2023-05-02 00:30:29,Y
140,267,2,9,4,Debitis dolorum eligendi ipsum,Earum quos aspernatur voluptate id cumque ipsam magnam quasi quis reprehenderit recusandae.,2025-08-02 06:26:24,Y,2025-08-02 06:26:24,2025-12-01 06:26:24,Y
141,297,4,433,4,Quis incidunt,Quis ullam nisi corrupti quas ducimus iure iste fugiat non.,2023-08-05 08:02:45,Y,2023-08-05 08:02:45,2023-11-04 08:02:45,Y
142,132,102,344,5,Ex quaerat,Culpa deleniti accusamus magnam quas laudantium unde velit voluptas fuga laudantium odit.,2022-03-09 13:47:42,Y,2022-03-09 13:47:42,2022-06-29 13:47:42,Y
143,167,65,342,4,Architecto suscipit voluptatibus commodi ut,Deserunt ipsa ducimus totam quam magni laborum porro possimus officiis unde quasi.,2025-09-13 09:36:01,Y,2025-09-13 09:36:01,2026-03-19 09:36:01,Y
144,97,88,157,4,Labore ullam facere,Possimus officia ea iste perspiciatis ducimus nobis veritatis sapiente.,2025-03-05 12:54:39,Y,2025-03-05 12:54:39,2025-08-05 12:54:39,Y
145,280,169,439,5,Blanditiis at,Id nesciunt tempore maxime deleniti in rerum ducimus esse voluptas omnis fugit est illum soluta quas.,2024-07-21 14:32:36,Y,2024-07-21 14:32:36,2024-07-31 14:32:36,Y
146,258,119,153,4,Autem nemo,Repellendus eaque distinctio quibusdam praesentium ab cumque laudantium atque quo in impedit enim inventore debitis.,2022-12-02 02:16:30,Y,2022-12-02 02:16:30,2023-03-19 02:16:30,Y
147,48,168,172,5,Provident dicta delectus,Iste repellendus delectus animi delectus quis ea temporibus illum occaecati numquam.,2022-03-30 17:13:41,Y,2022-03-30 17:13:41,2022-05-10 17:13:41,Y
148,2,193,197,5,Aspernatur assumenda commodi,Exercitationem nesciunt labore perferendis aut aperiam quibusdam ab nesciunt voluptates.,2026-06-17 06:38:39,Y,2026-06-17 06:38:39,2026-08-06 06:38:39,Y
149,48,168,394,4,Distinctio recusandae,Nobis voluptates quis ut labore excepturi inventore fuga tempora voluptatum repellendus velit pariatur fugiat animi explicabo.,2023-02-08 13:21:43,Y,2023-02-08 13:21:43,2023-07-27 13:21:43,Y
150,196,141,35,3,Rem a sit illo,Ad commodi minus veritatis quibusdam dolorum iste placeat sit maiores optio.,2024-08-18 21:06:23,Y,2024-08-18 21:06:23,2025-03-02 21:06:23,Y
151,79,51,246,4,Voluptates vero,Accusantium facere aliquid rem eveniet ipsam non id nostrum aspernatur incidunt ut ut voluptates sequi.,2025-05-15 07:26:34,Y,2025-05-15 07:26:34,2025-06-26 07:26:34,Y
152,258,66,437,4,Quasi eos,Quae sit soluta quos quaerat adipisci libero assumenda rerum voluptatum voluptates iure.,2023-09-15 15:23:38,Y,2023-09-15 15:23:38,2023-10-29 15:23:38,Y
153,95,48,76,4,Veritatis laboriosam molestiae doloribus,Quidem optio at ipsa quaerat cum ut temporibus quisquam dolore ducimus labore.,2024-01-04 19:07:26,Y,2024-01-04 19:07:26,2024-02-25 19:07:26,Y
154,115,110,464,5,Pariatur ullam odio,At porro sit ut quisquam nobis officia fugiat quaerat quasi fugit odit natus sequi repellat dolore blanditiis assumenda.,2023-04-24 21:21:27,Y,2023-04-24 21:21:27,2023-10-16 21:21:27,Y
155,90,48,485,3,Excepturi nihil,Quia blanditiis facilis sequi veritatis nemo a aperiam modi sed voluptatem eum.,2022-01-16 08:42:34,Y,2022-01-16 08:42:34,2022-05-18 08:42:34,Y
156,34,72,94,4,Reiciendis ut commodi optio,Dolore hic modi itaque corporis velit saepe libero iste nobis corporis pariatur reiciendis praesentium nisi est voluptatibus commodi voluptatum provident.,2026-09-05 06:13:37,Y,2026-09-05 06:13:37,2027-02-27 06:13:37,Y
157,189,172,150,5,Occaecati dolor eos vitae,Voluptatem ex repudiandae distinctio quasi repellat praesentium amet sint debitis.,2025-03-15 02:20:01,Y,2025-03-15 02:20:01,2025-07-11 02:20:01,Y
158,291,160,481,4,Quas error repellendus totam,Voluptatibus molestias excepturi perspiciatis voluptatibus quidem hic minus eligendi possimus deserunt sequi.,2025-04-19 03:36:20,Y,2025-04-19 03:36:20,2025-05-21 03:36:20,Y
159,43,86,121,5,Atque eum recusandae sint,Sed quae itaque cum consequuntur possimus enim corporis dolor.,2024-10-13 07:13:35,Y,2024-10-13 07:13:35,2024-12-24 07:13:35,Y
160,72,165,466,2,Quasi ab quas,Aut quos similique fugiat voluptatem perspiciatis cumque animi explicabo labore veniam blanditiis maiores excepturi inventore corrupti quam doloribus blanditiis.,2025-05-08 15:36:41,Y,2025-05-08 15:36:41,2025-09-21 15:36:41,Y
161,245,57,357,5,Laborum porro veritatis officiis,Quod voluptatibus perferendis at iure repellendus fugit odio ipsum accusamus blanditiis commodi odit tenetur dolore nesciunt.,2022-03-25 13:31:53,Y,2022-03-25 13:31:53,2022-05-20 13:31:53,Y
162,94,5,133,4,Laboriosam possimus atque nihil fugit,Error commodi eveniet quae similique modi illo praesentium hic repellendus quos minus aperiam saepe molestiae reprehenderit officiis.,2025-02-20 20:31:09,Y,2025-02-20 20:31:09,2025-05-23 20:31:09,Y
163,158,58,4,5,Vitae tempore debitis,Possimus a ipsum et aliquam nemo officiis assumenda ducimus quidem assumenda commodi error vitae cupiditate voluptate omnis dolorum aliquid veniam.,2025-05-22 02:30:32,Y,2025-05-22 02:30:32,2025-06-10 02:30:32,Y
164,43,86,121,4,Omnis ipsam neque,Minima voluptates explicabo modi distinctio aut reprehenderit dolores deleniti error rerum vero nobis dolor facere.,2023-08-08 00:06:00,Y,2023-08-08 00:06:00,2023-08-19 00:06:00,Y
165,171,118,307,5,Quas in mollitia,Fugit temporibus id assumenda ducimus incidunt possimus modi architecto quasi voluptatum possimus deserunt.,2024-11-21 01:24:58,Y,2024-11-21 01:24:58,2025-02-27 01:24:58,Y
166,279,52,300,4,Natus officia maiores cum,Et ratione fugiat vitae dolorum earum minus placeat illum eveniet at.,2024-06-04 08:27:55,Y,2024-06-04 08:27:55,2024-08-22 08:27:55,Y
167,185,153,355,3,Quod corporis reiciendis earum,Fugiat voluptas fugiat autem unde cupiditate quas esse reprehenderit laudantium.,2024-03-21 23:01:27,Y,2024-03-21 23:01:27,2024-07-06 23:01:27,Y
168,186,100,291,4,Expedita nemo eligendi earum aut,Cupiditate veniam harum exercitationem qui voluptas minus nisi sed.,2025-12-15 11:08:56,Y,2025-12-15 11:08:56,2026-01-05 11:08:56,Y
169,242,165,466,3,Nihil ea placeat quae,Consequuntur necessitatibus eaque ullam odit fuga quod perspiciatis in itaque ipsa.,2025-06-10 15:44:01,Y,2025-06-10 15:44:01,2025-06-13 15:44:01,Y
170,35,42,104,4,Reiciendis magnam eius incidunt,Esse similique veniam illo est at aspernatur quas velit cumque animi quia mollitia.,2025-11-13 16:17:53,Y,2025-11-13 16:17:53,2025-11-15 16:17:53,Y
171,51,120,438,2,Repellat ab veniam perspiciatis,Laboriosam maiores voluptatum suscipit praesentium illo nulla tenetur quia quae praesentium.,2025-08-05 12:40:55,Y,2025-08-05 12:40:55,2026-02-18 12:40:55,Y
172,128,52,300,5,Doloribus qui veritatis reprehenderit,Placeat aliquam ipsum cumque ut quis temporibus cupiditate facilis consequatur explicabo amet libero cupiditate voluptas excepturi perspiciatis rerum sed.,2022-12-27 06:29:11,Y,2022-12-27 06:29:11,2023-05-30 06:29:11,Y
173,21,43,341,4,Enim laboriosam eaque,Qui necessitatibus dolor esse ut officia repudiandae alias iure.,2025-03-04 07:52:12,Y,2025-03-04 07:52:12,2025-09-19 07:52:12,Y
174,254,191,226,5,Sed animi ab itaque error,A tempora delectus explicabo aut laudantium assumenda maiores corrupti commodi.,2022-12-13 22:52:41,Y,2022-12-13 22:52:41,2023-01-27 22:52:41,Y
175,109,118,369,1,Ab quo dolorum iusto,Error incidunt delectus repellat autem ipsa saepe cum explicabo inventore facere sit dicta deleniti aliquam hic.,2022-09-06 13:54:43,Y,2022-09-06 13:54:43,2022-10-14 13:54:43,Y
176,194,7,458,5,Tempore cum dicta laboriosam,Blanditiis laudantium libero placeat consectetur quibusdam quos id quas quia repudiandae consectetur vero recusandae.,2023-09-06 23:05:48,Y,2023-09-06 23:05:48,2024-01-15 23:05:48,Y
177,72,165,466,4,Culpa magnam quisquam,Amet rerum inventore nisi ab laboriosam eligendi assumenda inventore nulla quas deleniti eligendi.,2025-09-13 03:36:11,Y,2025-09-13 03:36:11,2025-09-25 03:36:11,Y
178,87,24,30,4,Sint voluptatibus,Pariatur inventore labore quos aut quas nostrum deleniti sequi occaecati corrupti blanditiis illo.,2026-03-02 04:49:06,Y,2026-03-02 04:49:06,2026-06-27 04:49:06,Y
179,133,66,412,4,Voluptatibus ut incidunt,Dicta sint fugit minima praesentium voluptatem dolore incidunt aperiam incidunt amet beatae facilis velit quae doloribus tempora delectus a optio.,2024-02-23 22:51:01,Y,2024-02-23 22:51:01,2024-06-10 22:51:01,Y
180,1,134,194,3,Distinctio iusto tenetur aut,Dolorum laudantium ex beatae pariatur placeat quo consectetur facere repellat quia nihil.,2026-08-14 06:15:40,Y,2026-08-14 06:15:40,2026-10-21 06:15:40,Y
181,267,167,256,4,Fuga officiis distinctio fugit suscipit,Occaecati nobis aliquam voluptas sunt repellendus deserunt ipsum atque velit nulla.,2022-02-24 10:18:38,Y,2022-02-24 10:18:38,2022-06-18 10:18:38,Y
182,132,38,430,5,Quas voluptatibus dicta,Aliquam deleniti mollitia dolorum soluta sequi tenetur voluptate tempora ipsum quaerat.,2022-12-13 23:42:33,Y,2022-12-13 23:42:33,2023-03-14 23:42:33,Y
183,109,118,369,2,Architecto in ut magnam,Cumque earum voluptas enim veritatis aperiam voluptas deleniti repellendus.,2024-02-12 10:57:06,Y,2024-02-12 10:57:06,2024-03-27 10:57:06,Y
184,17,72,94,4,Placeat sit voluptas cumque,Fugit quod id earum delectus cum dolor possimus sunt ratione iste provident minima esse dolore provident mollitia cupiditate.,2023-03-26 09:27:43,Y,2023-03-26 09:27:43,2023-09-04 09:27:43,Y
185,217,141,173,5,Modi eos,Velit eius consequatur sit amet voluptatem voluptatibus distinctio blanditiis officiis odio.,2025-11-24 01:15:26,Y,2025-11-24 01:15:26,2026-05-19 01:15:26,Y
186,32,165,466,2,Eveniet veniam sunt eaque,Illum nostrum eveniet animi repellendus reprehenderit dolor vitae debitis voluptas modi.,2025-11-25 06:14:27,Y,2025-11-25 06:14:27,2025-12-05 06:14:27,Y
187,203,162,266,5,Autem quia fugit officiis sit,Mollitia repellendus dolore eaque neque repellat quidem culpa doloremque quas fuga temporibus atque delectus delectus similique deleniti laudantium quas officia.,2023-04-01 22:30:23,Y,2023-04-01 22:30:23,2023-09-03 22:30:23,Y
188,132,38,430,5,Est suscipit,Porro deleniti corporis incidunt iste officia illo quam consequatur quibusdam accusamus aut fugit beatae accusamus rerum.,2025-04-01 13:29:48,Y,2025-04-01 13:29:48,2025-08-10 13:29:48,Y
189,163,48,76,4,Consequatur quo,Consequuntur occaecati accusamus vitae vero autem quasi excepturi provident dicta laboriosam natus ipsam cum.,2024-07-27 05:42:23,Y,2024-07-27 05:42:23,2024-11-12 05:42:23,Y
190,258,130,140,5,Laboriosam doloribus molestiae eaque,Commodi repudiandae aut error maiores saepe consequuntur totam ad incidunt corporis omnis dolorem soluta harum sunt reprehenderit beatae cumque.,2024-03-09 00:43:15,Y,2024-03-09 00:43:15,2024-09-09 00:43:15,Y
191,163,48,76,5,Dolore vero,Facere nulla blanditiis unde ullam tempora non debitis minus nobis perspiciatis corrupti pariatur error.,2022-12-28 17:18:32,Y,2022-12-28 17:18:32,2023-02-15 17:18:32,Y
192,2,193,197,5,Expedita aut totam,Ut repellat quae asperiores a ut corrupti omnis eum hic quam quos laboriosam architecto neque vero.,2026-05-17 01:34:07,Y,2026-05-17 01:34:07,2026-10-02 01:34:07,Y
193,155,88,157,4,Corporis eum consectetur,Explicabo laudantium laboriosam voluptate nobis odio consequuntur velit ullam fugit molestias molestiae laudantium modi dolorem assumenda.,2025-03-08 17:05:15,Y,2025-03-08 17:05:15,2025-08-01 17:05:15,Y
194,44,160,481,5,Minima quod repellat dolor,Doloremque a voluptatibus accusantium nam vero ullam animi expedita sed.,2024-05-03 17:35:07,Y,2024-05-03 17:35:07,2024-11-10 17:35:07,Y
195,298,130,140,1,Eos corporis sequi,Doloribus repudiandae animi consequuntur vitae provident fugiat ad vitae fuga praesentium optio asperiores saepe sit adipisci.,2026-04-08 07:15:15,Y,2026-04-08 07:15:15,2026-09-26 07:15:15,Y
196,183,154,292,1,Consequuntur doloribus accusamus rerum,Corrupti delectus quia quibusdam praesentium error illum excepturi quos possimus enim culpa sunt adipisci quibusdam magnam.,2024-06-04 04:36:58,Y,2024-06-04 04:36:58,2024-08-12 04:36:58,Y
197,28,40,144,3,Id incidunt,Mollitia repudiandae ullam magnam quae incidunt culpa voluptate maxime voluptate commodi distinctio nulla dolor delectus quia nam.,2025-07-11 06:17:57,Y,2025-07-11 06:17:57,2025-12-26 06:17:57,Y
198,48,168,172,4,Repellendus iusto,Officiis illo fugit amet fuga incidunt earum autem facilis quod excepturi dolores cum autem distinctio.,2024-09-15 11:41:03,Y,2024-09-15 11:41:03,2024-10-09 11:41:03,Y
199,140,187,11,5,Quidem est,Dicta ut dolores assumenda necessitatibus aliquid voluptates laborum aliquid at est voluptatem quibusdam vero magnam et hic explicabo consectetur.,2023-11-18 19:15:29,Y,2023-11-18 19:15:29,2023-12-04 19:15:29,Y
200,32,165,466,4,Ex tempore,Aut rem corrupti nesciunt fugit nesciunt sequi enim corrupti iure suscipit at quaerat sunt rem omnis quisquam cum.,2025-12-02 04:07:02,Y,2025-12-02 04:07:02,2026-05-01 04:07:02,Y
201,133,66,412,4,Maiores quas officiis ut,Ipsum consectetur enim numquam velit aliquam quae placeat dolores voluptatum non vero necessitatibus voluptatibus atque.,2026-08-10 06:01:44,Y,2026-08-10 06:01:44,2026-11-17 06:01:44,Y
202,203,34,390,4,Consequuntur sit,Sint reiciendis tempora libero iste cumque eos architecto nemo explicabo architecto quae itaque voluptates voluptatem quis ipsam unde velit.,2024-12-01 12:15:33,Y,2024-12-01 12:15:33,2025-02-26 12:15:33,Y
203,57,6,333,4,Laborum facilis enim illum nulla,Ipsam maiores numquam et assumenda impedit ipsum soluta voluptatibus aliquam voluptate.,2025-12-06 05:18:20,Y,2025-12-06 05:18:20,2026-06-14 05:18:20,Y
204,109,118,369,4,Qui doloribus,Ab sequi enim culpa id asperiores harum iure atque iure odit tempore iure assumenda quasi totam ullam quisquam dicta.,2025-04-26 21:04:30,Y,2025-04-26 21:04:30,2025-06-30 21:04:30,Y
205,149,66,437,4,Aperiam exercitationem nobis distinctio,Beatae iste molestias veniam corporis distinctio necessitatibus voluptates quo aperiam repellat ratione voluptatem distinctio distinctio ad quis in.,2022-09-02 05:28:32,Y,2022-09-02 05:28:32,2023-02-10 05:28:32,Y
206,40,51,246,5,Odio assumenda architecto,Aspernatur soluta iste in distinctio tempora delectus amet tempora incidunt vitae error dicta velit laboriosam modi.,2023-10-07 20:08:20,Y,2023-10-07 20:08:20,2024-04-15 20:08:20,Y
207,64,162,266,4,Vitae ipsa totam,Harum ab quos nisi aspernatur pariatur nulla eum voluptates vel quia qui et corrupti itaque corporis sint beatae voluptas.,2024-06-25 15:54:10,Y,2024-06-25 15:54:10,2025-01-03 15:54:10,Y
208,280,169,439,5,Ea quam voluptates velit,Odio odit neque alias quia deleniti possimus quo nobis dolor distinctio.,2022-04-02 20:29:39,Y,2022-04-02 20:29:39,2022-05-11 20:29:39,Y
209,145,188,132,5,Voluptas nemo accusamus,Accusamus tempore magnam sint praesentium officiis iste illum explicabo molestiae minima quisquam beatae cupiditate incidunt.,2025-09-02 17:16:05,Y,2025-09-02 17:16:05,2025-12-17 17:16:05,Y
210,140,187,11,4,Mollitia cum ipsa,Sapiente porro ipsa eligendi nulla unde sequi voluptatum rem aut officiis nulla illum libero.,2026-03-05 17:29:05,Y,2026-03-05 17:29:05,2026-05-04 17:29:05,Y
211,109,118,369,5,Unde aut ipsam neque adipisci,Sequi distinctio quod mollitia beatae sequi veritatis expedita recusandae iure tenetur officia quos id.,2025-03-21 17:41:59,Y,2025-03-21 17:41:59,2025-08-23 17:41:59,Y
212,120,163,102,4,Quos magni eaque omnis,Saepe recusandae impedit dolores tempore impedit accusamus corrupti fugiat repellendus reprehenderit nobis ex vero.,2025-05-14 13:14:11,Y,2025-05-14 13:14:11,2025-07-08 13:14:11,Y
213,149,15,100,5,Doloribus voluptate deserunt officia,Reiciendis neque consectetur odio voluptate cupiditate temporibus maxime ipsa.,2023-07-09 23:03:15,Y,2023-07-09 23:03:15,2023-08-18 23:03:15,Y
214,29,100,468,4,Quae commodi,Occaecati quos sapiente occaecati ea mollitia veniam dignissimos at ipsa occaecati.,2026-09-06 00:13:06,Y,2026-09-06 00:13:06,2026-12-19 00:13:06,Y
215,189,172,150,5,Corrupti nulla molestiae voluptas nemo,Quia consectetur iste occaecati facere dolores tempore error modi.,2024-05-16 10:46:45,Y,2024-05-16 10:46:45,2024-08-05 10:46:45,Y
216,40,148,427,5,Quas rem fugiat,Omnis eius vel occaecati odit neque aut itaque nisi autem eligendi tempora at.,2024-09-14 07:01:43,Y,2024-09-14 07:01:43,2025-01-20 07:01:43,Y
217,186,100,291,5,Sapiente totam dignissimos aut,Impedit laborum numquam distinctio in suscipit odio iste cum.,2025-06-09 01:53:08,Y,2025-06-09 01:53:08,2025-10-13 01:53:08,Y
218,35,136,183,4,Ab debitis necessitatibus,Sequi blanditiis exercitationem expedita voluptatum nobis a maxime ducimus commodi non modi maxime quis dolor facilis tempore adipisci consequuntur assumenda.,2023-05-03 16:22:02,Y,2023-05-03 16:22:02,2023-06-17 16:22:02,Y
219,158,58,4,4,Eaque laboriosam veritatis,Provident officiis iusto repellat ipsa veniam ullam dolorum dicta sapiente quaerat vitae aut recusandae nesciunt.,2024-11-03 20:56:05,Y,2024-11-03 20:56:05,2025-05-17 20:56:05,Y
220,46,5,133,5,Recusandae veritatis laborum,Incidunt quia repellendus numquam non inventore necessitatibus fugiat odio aperiam cumque alias maiores nesciunt eos repudiandae officia.,2022-11-02 11:30:03,Y,2022-11-02 11:30:03,2023-02-08 11:30:03,Y
221,21,62,298,5,Explicabo adipisci debitis eum ratione,Doloribus dolor fuga corporis et ab porro quaerat distinctio necessitatibus eum doloremque architecto eligendi distinctio.,2025-06-28 17:43:24,Y,2025-06-28 17:43:24,2025-08-15 17:43:24,Y
222,28,147,422,5,Aut eius non,Nemo officia placeat ipsa repellendus dicta amet laudantium aliquid earum.,2023-03-07 12:40:48,Y,2023-03-07 12:40:48,2023-08-10 12:40:48,Y
223,230,48,76,4,Commodi cupiditate eveniet,Dolores accusantium accusantium quos nemo a iure consectetur vitae alias modi minus excepturi accusamus iusto rerum.,2025-06-24 00:29:34,Y,2025-06-24 00:29:34,2025-06-29 00:29:34,Y
224,8,88,157,2,Quam earum quidem id,Quo laudantium aliquid error voluptates laudantium odit tenetur sapiente vel aut dolore repudiandae consequuntur voluptatibus similique quam dolorem at.,2026-01-06 04:25:26,Y,2026-01-06 04:25:26,2026-06-30 04:25:26,Y
225,203,162,266,5,Repellendus modi a porro,Ea quos beatae veniam asperiores eveniet nostrum repellat earum.,2025-04-24 15:14:55,Y,2025-04-24 15:14:55,2025-09-12 15:14:55,Y
226,66,28,142,5,Unde nesciunt blanditiis,Similique quidem suscipit vitae impedit ipsum commodi minus neque optio voluptate eum quasi dolorem eaque.,2025-11-23 05:43:23,Y,2025-11-23 05:43:23,2026-02-25 05:43:23,Y
227,95,195,155,5,Quae explicabo saepe,Optio quasi dignissimos aspernatur voluptas animi accusamus dolor repellendus deleniti autem dignissimos nihil.,2026-01-06 23:27:51,Y,2026-01-06 23:27:51,2026-07-07 23:27:51,Y
228,108,23,222,5,Maiores et velit provident omnis,Autem consectetur totam harum iste nulla dicta id architecto incidunt placeat veritatis neque aut itaque autem beatae accusantium.,2024-06-29 06:18:55,Y,2024-06-29 06:18:55,2024-07-15 06:18:55,Y
229,241,40,144,5,Deleniti adipisci optio iste,Blanditiis mollitia explicabo distinctio id inventore ex ipsam fuga aliquid fugit unde deserunt.,2025-11-27 15:54:22,Y,2025-11-27 15:54:22,2026-01-28 15:54:22,Y
230,57,6,333,5,Illo nisi minus,Maxime autem amet dolorum beatae beatae tempora nemo dolores minus eius sunt praesentium illo hic dolore reprehenderit porro.,2023-07-04 12:58:17,Y,2023-07-04 12:58:17,2023-10-30 12:58:17,Y
231,149,15,100,4,Dignissimos ratione expedita enim,Enim a delectus tenetur numquam qui sequi porro cumque placeat cumque ex iste vitae pariatur incidunt accusantium voluptate sunt cupiditate.,2023-05-10 19:46:38,Y,2023-05-10 19:46:38,2023-07-11 19:46:38,Y
232,111,64,60,5,Nisi voluptas,A sit labore aliquid accusantium perspiciatis enim dolorem magnam quidem quod aut rem excepturi laudantium expedita molestias optio ducimus itaque.,2022-04-11 10:08:42,Y,2022-04-11 10:08:42,2022-10-02 10:08:42,Y
233,95,69,366,5,Error ex maxime optio,Laborum earum maxime odit corporis illum dolore voluptatibus facere adipisci neque possimus inventore dignissimos at ullam fugiat autem earum occaecati.,2025-04-12 03:12:47,Y,2025-04-12 03:12:47,2025-04-30 03:12:47,Y
234,81,168,163,5,Tempore ipsum vero minima eaque,Suscipit hic impedit voluptatibus est aliquam maxime exercitationem nostrum inventore iste voluptas recusandae enim voluptas.,2023-01-11 21:04:10,Y,2023-01-11 21:04:10,2023-07-13 21:04:10,Y
235,297,4,433,5,Unde corporis perspiciatis minima,Numquam optio esse enim reiciendis accusamus aliquam eligendi nihil amet esse inventore optio a.,2025-09-24 10:30:17,Y,2025-09-24 10:30:17,2026-01-25 10:30:17,Y
236,46,46,55,5,Consequuntur soluta quos,Pariatur quisquam culpa assumenda earum voluptatum deserunt nesciunt aspernatur dolor labore explicabo repellat odio in vitae atque ea.,2025-05-22 18:36:49,Y,2025-05-22 18:36:49,2025-11-23 18:36:49,Y
237,104,43,261,5,Nisi cupiditate ipsa,Rem consequuntur quisquam dolorum impedit dicta esse error unde itaque delectus quos rerum atque minima.,2026-05-09 08:39:21,Y,2026-05-09 08:39:21,2026-10-17 08:39:21,Y
238,279,52,300,5,Magnam placeat facere explicabo,In illum adipisci nam vero in quidem nostrum esse doloribus maiores consectetur molestiae natus eos quidem hic.,2022-11-18 22:41:31,Y,2022-11-18 22:41:31,2022-12-25 22:41:31,Y
239,173,160,481,3,Pariatur iure quis maxime,Assumenda earum voluptates autem nisi reprehenderit natus porro sint.,2022-12-14 07:11:57,Y,2022-12-14 07:11:57,2023-06-16 07:11:57,Y
240,251,21,293,5,Qui perferendis qui,Praesentium maiores natus voluptas consequatur tempora odit culpa occaecati.,2023-03-18 00:33:58,Y,2023-03-18 00:33:58,2023-05-19 00:33:58,Y
241,241,40,144,5,Rem numquam,Beatae a nobis commodi atque dignissimos labore rerum ipsam animi commodi illo.,2022-10-29 18:13:02,Y,2022-10-29 18:13:02,2023-01-21 18:13:02,Y
242,142,61,70,4,Reprehenderit sapiente molestias,Placeat similique nulla inventore odio delectus repellendus omnis cupiditate qui molestias labore enim pariatur vero laudantium pariatur hic possimus autem.,2026-03-08 06:37:57,Y,2026-03-08 06:37:57,2026-09-16 06:37:57,Y
243,107,168,163,4,Repellendus corporis eligendi blanditiis,Accusamus esse officia tempora nulla aliquam tenetur vitae iusto quam eius voluptatem facere sequi magnam expedita.,2024-07-06 10:34:20,Y,2024-07-06 10:34:20,2024-12-29 10:34:20,Y
244,133,23,487,4,Hic aperiam omnis explicabo quaerat,Itaque similique consequuntur quos omnis unde architecto saepe laborum vitae non debitis provident magni omnis.,2024-03-12 08:02:25,Y,2024-03-12 08:02:25,2024-08-04 08:02:25,Y
245,126,162,28,4,Consectetur eum veritatis,Nesciunt rerum architecto adipisci quasi doloremque pariatur libero perspiciatis eum doloremque quo totam recusandae autem.,2023-04-05 21:28:03,Y,2023-04-05 21:28:03,2023-08-16 21:28:03,Y
246,48,24,151,4,Quas fugit voluptate,Aperiam dolorum alias quibusdam ipsam fugiat occaecati adipisci cupiditate autem.,2025-01-31 22:40:45,Y,2025-01-31 22:40:45,2025-08-01 22:40:45,Y
247,271,9,461,5,Fugiat voluptates nemo dicta,Laudantium perspiciatis dolorem quia inventore minus ratione assumenda ad vero atque alias consequuntur.,2024-08-04 19:09:46,Y,2024-08-04 19:09:46,2024-12-03 19:09:46,Y
248,157,169,439,5,Facere illum,Sint exercitationem placeat vero quas minus deleniti dignissimos repudiandae magnam explicabo tempore sequi reiciendis ipsa numquam soluta necessitatibus consectetur.,2023-04-25 19:58:36,Y,2023-04-25 19:58:36,2023-11-01 19:58:36,Y
249,255,42,104,4,Error blanditiis dolorem nobis ex,Reprehenderit enim repudiandae hic facere sit culpa enim modi dolores maxime nostrum est.,2024-06-27 05:55:09,Y,2024-06-27 05:55:09,2024-10-03 05:55:09,Y
250,25,119,153,4,Animi possimus beatae iusto totam,Officiis adipisci in dicta suscipit animi dignissimos repellendus eveniet quidem totam aperiam laudantium.,2023-10-20 14:39:56,Y,2023-10-20 14:39:56,2024-03-17 14:39:56,Y
251,40,56,397,5,Temporibus praesentium quisquam alias voluptatem,Nisi nostrum aspernatur mollitia veniam earum aliquam alias magni officiis inventore esse sed voluptas accusantium animi.,2024-03-16 23:50:41,Y,2024-03-16 23:50:41,2024-06-17 23:50:41,Y
252,196,141,477,5,Modi similique placeat,Mollitia amet quisquam possimus inventore incidunt consequuntur ipsa tempore.,2025-06-14 21:58:09,Y,2025-06-14 21:58:09,2025-10-14 21:58:09,Y
253,145,188,132,5,Explicabo exercitationem ullam dolores,Nihil dolorem quibusdam suscipit recusandae necessitatibus voluptatibus accusamus quam repellat.,2023-04-30 07:01:15,Y,2023-04-30 07:01:15,2023-09-27 07:01:15,Y
254,11,176,221,5,Animi ipsa,Aliquam expedita omnis doloribus eos non laboriosam commodi asperiores dolorum molestiae libero quasi explicabo.,2025-03-20 08:08:14,Y,2025-03-20 08:08:14,2025-07-22 08:08:14,Y
255,40,65,367,5,Ipsam esse facilis,Eos officiis minima eaque possimus magnam amet tempore provident numquam eius dignissimos consequatur voluptate dolorem quia distinctio fuga repellendus.,2023-06-29 21:49:45,Y,2023-06-29 21:49:45,2023-10-30 21:49:45,Y
256,267,2,9,4,Alias doloremque ipsam,Veritatis accusantium saepe earum nihil error vitae animi sequi fugit accusantium fugit ipsam dolore fugit optio minus.,2024-11-29 16:44:01,Y,2024-11-29 16:44:01,2025-01-25 16:44:01,Y
257,189,24,151,5,Adipisci quis vel,Quidem excepturi repudiandae ea quidem dolor ad quas numquam sint quos unde quibusdam rem mollitia veritatis ut enim voluptatibus modi.,2024-05-14 16:42:40,Y,2024-05-14 16:42:40,2024-10-16 16:42:40,Y
258,262,110,491,4,Nemo necessitatibus maxime cum,Iusto voluptatibus dolores tenetur eligendi placeat earum voluptatum quo eos necessitatibus aliquam earum eaque dolorum officiis.,2023-09-04 21:04:30,Y,2023-09-04 21:04:30,2023-12-04 21:04:30,Y
259,48,168,394,5,Accusamus esse optio saepe sed,Iure ipsam iure vitae laboriosam sapiente dolor animi vel eius nostrum et aperiam debitis quisquam eius sit.,2026-06-17 09:05:42,Y,2026-06-17 09:05:42,2026-08-14 09:05:42,Y
260,160,43,261,2,Dolorem cupiditate sit,Doloremque omnis delectus magni ipsam et mollitia dolorem veritatis.,2025-05-23 01:39:32,Y,2025-05-23 01:39:32,2025-10-30 01:39:32,Y
261,266,191,226,5,Voluptate accusamus sapiente,Molestiae aliquid doloremque autem magni beatae aspernatur dignissimos necessitatibus repudiandae perspiciatis architecto incidunt eligendi ad.,2024-04-23 10:32:08,Y,2024-04-23 10:32:08,2024-09-11 10:32:08,Y
262,29,100,468,5,Ratione ex illum officiis iusto,Numquam cum aliquid ut tenetur ad non repellat magni quos magni neque exercitationem dolor.,2022-06-23 21:47:01,Y,2022-06-23 21:47:01,2022-10-15 21:47:01,Y
263,8,88,157,3,Adipisci quas fugit voluptatum aspernatur,Vero voluptatibus natus voluptatum occaecati quasi molestiae commodi soluta reiciendis.,2024-03-06 14:07:03,Y,2024-03-06 14:07:03,2024-09-11 14:07:03,Y
264,26,179,436,5,Iusto minima ipsam eaque saepe,Tenetur eveniet reiciendis voluptate doloremque et voluptas possimus ipsam vero illum aspernatur natus asperiores.,2023-12-11 10:15:32,Y,2023-12-11 10:15:32,2024-06-04 10:15:32,Y
265,94,5,133,4,Officiis non ipsum in,Repudiandae voluptates unde doloribus tenetur perferendis pariatur non recusandae exercitationem blanditiis illum magnam corrupti laudantium sunt dicta debitis iste.,2024-04-05 16:45:02,Y,2024-04-05 16:45:02,2024-08-24 16:45:02,Y
266,197,141,477,5,Blanditiis ea mollitia,Quia consectetur alias inventore porro voluptatibus consequatur sint ullam temporibus explicabo illo nam quae blanditiis tempore tempore nihil.,2022-07-17 19:29:58,Y,2022-07-17 19:29:58,2022-08-19 19:29:58,Y
267,20,46,55,5,Autem quam asperiores ullam veniam,Occaecati qui ipsa quidem praesentium quasi quam nihil reprehenderit magni corrupti ab nihil perferendis iste eum.,2023-12-09 02:03:38,Y,2023-12-09 02:03:38,2024-02-09 02:03:38,Y
268,92,56,397,5,Magni nihil velit,Doloremque laudantium aliquid maxime minima magni unde eligendi fugit quidem.,2025-12-13 10:34:36,Y,2025-12-13 10:34:36,2026-01-07 10:34:36,Y
269,133,23,487,2,Aliquam velit sunt,Inventore eius sunt et expedita cumque enim laborum dolore cumque vel ea.,2024-09-17 15:48:03,Y,2024-09-17 15:48:03,2025-02-26 15:48:03,Y
270,185,153,355,4,Quidem unde pariatur consequuntur dignissimos,Quidem ad temporibus vero molestiae reiciendis ab rerum ad dicta velit necessitatibus quasi maxime rerum eos autem provident.,2025-10-04 22:18:31,Y,2025-10-04 22:18:31,2025-10-25 22:18:31,Y
271,17,72,94,5,Ipsam inventore ea,Voluptatibus quasi blanditiis explicabo aspernatur recusandae quas eveniet magni eius occaecati.,2026-02-22 18:33:06,Y,2026-02-22 18:33:06,2026-05-09 18:33:06,Y
272,92,56,397,5,Perferendis asperiores porro tempora alias,Ut recusandae et sapiente optio soluta alias odio ab consequatur.,2022-12-13 11:49:29,Y,2022-12-13 11:49:29,2023-06-15 11:49:29,Y
273,120,48,485,5,Sit dolore deserunt iusto,Repellendus quasi eligendi dicta soluta veritatis similique quibusdam a architecto nam dignissimos debitis in ea fugit nesciunt odit.,2023-08-29 05:14:55,Y,2023-08-29 05:14:55,2024-01-26 05:14:55,Y
274,272,79,418,5,Minus veritatis soluta sapiente,Pariatur laudantium occaecati nisi molestiae eos dolor vitae tempore quisquam in ipsum dolorum incidunt.,2022-01-02 12:55:08,Y,2022-01-02 12:55:08,2022-03-07 12:55:08,Y
275,133,66,412,3,Iure eum beatae,Provident quo laborum rem laudantium illum doloremque enim magni suscipit quos aperiam quo ea et hic.,2026-03-11 11:18:05,Y,2026-03-11 11:18:05,2026-08-19 11:18:05,Y
276,41,3,363,5,Incidunt ea amet laborum,Excepturi repellendus est illum nemo cumque dignissimos numquam veniam nostrum ex non accusantium.,2026-05-17 13:32:54,Y,2026-05-17 13:32:54,2026-07-28 13:32:54,Y
277,236,193,197,4,Rem at,Totam quisquam mollitia omnis maxime facere dicta culpa modi similique dolorem reiciendis tenetur ex dolor.,2026-07-12 10:57:52,Y,2026-07-12 10:57:52,2026-09-13 10:57:52,Y
278,50,169,439,5,Velit alias accusantium,Aut id laborum culpa error dolorem quo dolorum earum commodi quos omnis consectetur qui earum assumenda asperiores quam quis.,2026-04-12 23:02:32,Y,2026-04-12 23:02:32,2026-06-30 23:02:32,Y
279,160,15,100,4,Accusantium quia molestiae ullam,Quasi recusandae deserunt non est eum maiores ad earum dicta.,2026-02-23 20:37:58,Y,2026-02-23 20:37:58,2026-02-24 20:37:58,Y
280,117,119,365,3,Voluptas nemo fugiat,At vitae natus laboriosam tenetur modi doloribus accusantium libero hic fuga molestias autem dolore voluptate id doloremque.,2026-03-21 08:37:39,Y,2026-03-21 08:37:39,2026-05-01 08:37:39,Y
281,44,160,481,5,Labore autem est corporis,Voluptate atque cumque sint laudantium dolorum consequuntur nulla labore quam necessitatibus doloremque quisquam dolorum est excepturi corrupti eum natus illo ab.,2024-08-04 11:40:40,Y,2024-08-04 11:40:40,2024-08-28 11:40:40,Y
282,180,6,333,3,Quidem recusandae molestias,Vero doloremque itaque laboriosam mollitia qui quasi ullam incidunt aspernatur consectetur accusamus maxime commodi deserunt.,2026-08-01 08:11:17,Y,2026-08-01 08:11:17,2026-09-16 08:11:17,Y
283,182,132,98,5,Aliquam incidunt,Numquam minima consequuntur soluta in ab blanditiis voluptatum quam sunt earum eum.,2023-10-25 10:34:14,Y,2023-10-25 10:34:14,2024-01-11 10:34:14,Y
284,11,176,221,4,Natus cumque enim placeat,Veritatis fuga non iusto distinctio ex quia voluptatum unde cum quaerat labore et debitis iusto voluptatibus ab praesentium dicta atque.,2022-11-16 18:03:22,Y,2022-11-16 18:03:22,2023-05-10 18:03:22,Y
285,57,79,418,3,Ex aperiam iusto culpa,Odio sunt exercitationem accusamus deserunt eligendi tenetur incidunt quas facilis quisquam vel natus odit dicta.,2023-04-26 07:38:10,Y,2023-04-26 07:38:10,2023-07-17 07:38:10,Y
286,226,105,483,5,Corrupti quas eius ea aut,Nesciunt quisquam ex quo nihil eius rem sit pariatur labore cumque quos voluptatibus at rem corporis cum soluta.,2023-06-18 16:38:34,Y,2023-06-18 16:38:34,2023-07-28 16:38:34,Y
287,244,77,125,5,Aspernatur voluptas consequatur rem,Pariatur eveniet magnam blanditiis nam fugiat harum labore est minima minus sunt sapiente veritatis veniam rerum quae.,2026-05-24 14:31:04,Y,2026-05-24 14:31:04,2026-09-22 14:31:04,Y
288,133,23,487,5,Natus laudantium ratione placeat,Tempore officiis debitis sint sequi quo exercitationem incidunt nulla soluta ullam deleniti fugiat ut voluptatum deserunt facere deserunt nesciunt.,2024-04-16 22:39:58,Y,2024-04-16 22:39:58,2024-06-13 22:39:58,Y
289,125,139,351,4,Atque fuga ducimus ullam,Earum officia odit id voluptatum provident earum animi nemo adipisci quaerat iusto non iste cupiditate quibusdam officia molestias aut fuga.,2025-02-26 00:11:27,Y,2025-02-26 00:11:27,2025-04-04 00:11:27,Y
290,103,165,466,4,Tempora corrupti quasi sit consectetur,Rerum blanditiis ipsam quae et similique eius sequi omnis qui ex perferendis tempore tempore cumque voluptates.,2024-09-06 17:57:01,Y,2024-09-06 17:57:01,2024-12-30 17:57:01,Y
291,6,168,394,5,Maiores velit illo saepe,Aperiam repudiandae magnam quas assumenda ipsam eius dicta magnam cupiditate.,2025-07-19 22:59:35,Y,2025-07-19 22:59:35,2025-07-20 22:59:35,Y
292,219,154,292,5,Est natus,Exercitationem necessitatibus possimus necessitatibus iure blanditiis at quas delectus nihil vitae.,2025-06-24 01:25:32,Y,2025-06-24 01:25:32,2025-09-22 01:25:32,Y
293,43,86,121,5,Ratione dolor fugiat,Soluta velit est perspiciatis velit sint quibusdam qui est fugit.,2024-05-01 22:22:46,Y,2024-05-01 22:22:46,2024-05-05 22:22:46,Y
294,265,114,143,5,Debitis consequuntur et,Saepe earum dicta voluptatem ea ipsam at explicabo facilis quo minima repudiandae porro.,2024-03-06 03:28:26,Y,2024-03-06 03:28:26,2024-05-20 03:28:26,Y
295,46,179,22,4,Alias rerum harum,Necessitatibus voluptatibus inventore officia placeat enim exercitationem voluptas mollitia quia eaque maiores distinctio dolor ea ullam maxime occaecati labore.,2025-08-21 04:35:13,Y,2025-08-21 04:35:13,2025-11-26 04:35:13,Y
296,260,34,390,5,Nesciunt fuga fugiat nihil,Eum autem facere tempore culpa labore excepturi temporibus deleniti.,2023-10-30 22:03:35,Y,2023-10-30 22:03:35,2024-04-05 22:03:35,Y
297,175,141,173,3,Esse iure delectus accusantium,Itaque nemo ipsa id rerum dolorum fuga excepturi perspiciatis error voluptas soluta quis tempore magni in quo veritatis id adipisci.,2022-08-20 05:40:23,Y,2022-08-20 05:40:23,2022-10-21 05:40:23,Y
298,115,110,464,5,Cumque error nisi possimus minima,Quibusdam consectetur ex vero voluptas est quisquam reiciendis itaque cumque a corporis sunt error aspernatur doloremque dignissimos at doloribus.,2025-12-30 20:10:39,Y,2025-12-30 20:10:39,2026-01-10 20:10:39,Y
299,94,153,272,5,Sapiente fugiat labore exercitationem iusto,Praesentium totam pariatur rerum provident quis atque consectetur quis consequatur quo tempore reprehenderit quas incidunt hic.,2024-02-16 05:52:39,Y,2024-02-16 05:52:39,2024-04-27 05:52:39,Y
300,85,171,401,2,Expedita pariatur,Ad suscipit debitis doloremque facere magnam a nobis id aspernatur dolorem libero aliquid error at fugit debitis corrupti est perferendis.,2022-07-04 06:58:59,Y,2022-07-04 06:58:59,2022-07-29 06:58:59,Y
301,251,166,236,4,Alias vero in cum,Rerum iure assumenda placeat aut similique rem accusamus eum nemo fugit iste laborum vero illo quo esse ea.,2026-07-30 04:24:41,Y,2026-07-30 04:24:41,2026-11-01 04:24:41,Y
302,251,136,183,5,Nobis rem,Magnam quos quae sapiente voluptas beatae debitis incidunt quis sit aspernatur ab veniam provident ducimus maiores nostrum.,2026-01-05 23:00:19,Y,2026-01-05 23:00:19,2026-02-08 23:00:19,Y
303,148,61,70,5,Ipsa iure aliquam sint,Facilis suscipit placeat dolorum excepturi eos reprehenderit molestiae debitis explicabo accusantium eveniet odio nisi facere alias qui.,2025-07-09 13:28:39,Y,2025-07-09 13:28:39,2025-08-16 13:28:39,Y
304,144,171,401,2,Cupiditate modi commodi,Odio inventore earum voluptas porro doloribus repudiandae rerum quasi minima itaque.,2023-09-14 08:39:22,Y,2023-09-14 08:39:22,2024-02-04 08:39:22,Y
305,97,88,157,5,Eveniet alias,Voluptate odit sunt fugit voluptatem aspernatur unde quibusdam in ad veniam ducimus officiis sunt saepe inventore blanditiis deleniti ea esse.,2026-08-26 04:20:32,Y,2026-08-26 04:20:32,2027-03-09 04:20:32,Y
306,158,34,390,5,Molestiae recusandae possimus aliquid nemo,Quis ipsa quia quod eius perferendis non tenetur perspiciatis earum illum accusantium impedit.,2022-03-09 21:23:20,Y,2022-03-09 21:23:20,2022-04-13 21:23:20,Y
307,192,64,60,4,Eius iure ratione,Atque dolore quae dolore nostrum quas non itaque in nisi molestiae labore nam exercitationem eum.,2025-01-27 07:13:54,Y,2025-01-27 07:13:54,2025-08-12 07:13:54,Y
308,68,172,150,4,Corrupti sequi libero minus,Perferendis ducimus adipisci sequi voluptas occaecati natus exercitationem dignissimos voluptates fuga eos.,2024-09-25 03:24:49,Y,2024-09-25 03:24:49,2025-01-22 03:24:49,Y
309,156,43,261,5,Iste iusto culpa nesciunt,Expedita inventore voluptatum ad voluptate nam laudantium doloremque ullam consectetur non sed atque dolor voluptatibus necessitatibus debitis culpa quod quasi.,2023-09-11 05:24:37,Y,2023-09-11 05:24:37,2024-03-02 05:24:37,Y
310,107,168,163,3,Mollitia explicabo dolor tempore,Eum facilis autem suscipit vero quis et modi hic similique libero iure repudiandae ipsum.,2022-03-13 21:19:03,Y,2022-03-13 21:19:03,2022-04-17 21:19:03,Y
311,251,21,293,5,Id a rerum,Omnis placeat atque neque in in deleniti adipisci dolore non magnam aspernatur necessitatibus illum ad non cumque.,2025-05-16 06:51:52,Y,2025-05-16 06:51:52,2025-09-17 06:51:52,Y
312,161,65,367,1,Iusto at fuga quia sunt,Mollitia sint sed cum fuga soluta cupiditate vel ullam eum eos tempora dignissimos itaque doloribus nobis.,2026-05-11 12:59:55,Y,2026-05-11 12:59:55,2026-08-14 12:59:55,Y
313,171,118,307,5,Reiciendis voluptate magnam,Rem saepe sit tenetur doloribus quam architecto quibusdam placeat illo maxime.,2026-04-16 12:44:19,Y,2026-04-16 12:44:19,2026-07-08 12:44:19,Y
314,2,57,357,2,Similique architecto impedit ea,Commodi quod officia modi ad laboriosam quas eos id reprehenderit quisquam facilis quaerat maiores officiis inventore commodi corporis ea.,2024-11-02 22:23:43,Y,2024-11-02 22:23:43,2025-04-13 22:23:43,Y
315,189,61,70,3,Quidem beatae cumque impedit excepturi,Recusandae distinctio atque odit asperiores tempore laudantium doloribus ea eos ipsam ratione praesentium.,2022-12-16 00:17:57,Y,2022-12-16 00:17:57,2023-05-01 00:17:57,Y
316,89,119,365,5,Eius alias consequuntur maxime ad,Natus quae esse quaerat necessitatibus esse quae perferendis culpa rem consectetur non similique ducimus dolorem sed.,2025-12-26 09:55:28,Y,2025-12-26 09:55:28,2026-05-31 09:55:28,Y
317,66,28,142,4,Esse nesciunt ea quam quia,Illo nulla cupiditate exercitationem culpa sequi et fugiat sint laborum cumque minima cupiditate tempore accusamus veniam exercitationem est.,2025-08-31 21:43:01,Y,2025-08-31 21:43:01,2025-11-09 21:43:01,Y
318,29,100,468,3,Corrupti non quas,Officiis explicabo itaque totam temporibus saepe sapiente quos minima dolorem dicta.,2024-10-23 14:36:18,Y,2024-10-23 14:36:18,2024-11-10 14:36:18,Y
319,93,69,396,5,Id atque,Magni earum vitae sed modi aspernatur reiciendis ipsum minima doloribus reiciendis delectus vel similique dolorem.,2025-11-11 16:12:14,Y,2025-11-11 16:12:14,2026-03-26 16:12:14,Y
320,29,100,468,5,Debitis voluptatem eaque eius,Quasi totam temporibus consequatur esse dignissimos doloribus quis labore atque sunt amet.,2022-03-08 17:55:41,Y,2022-03-08 17:55:41,2022-06-18 17:55:41,Y
321,158,58,4,1,Deserunt blanditiis,Labore aut nihil nisi error ab inventore temporibus quam ipsam.,2025-04-26 12:35:35,Y,2025-04-26 12:35:35,2025-04-30 12:35:35,Y
322,190,23,222,5,Nihil odio quidem,Dolorum illum earum occaecati eveniet laboriosam eligendi officia eaque.,2023-04-13 13:42:52,Y,2023-04-13 13:42:52,2023-06-18 13:42:52,Y
323,83,56,397,5,Dolorum eius natus est ipsam,Laborum eum voluptate iusto cum aperiam inventore esse unde ipsam odit molestiae.,2026-07-12 23:57:26,Y,2026-07-12 23:57:26,2026-11-06 23:57:26,Y
324,162,114,143,5,Deserunt autem doloremque,Magnam eum minus aut error non necessitatibus culpa culpa quisquam ratione sequi nostrum culpa.,2023-04-20 03:02:14,Y,2023-04-20 03:02:14,2023-06-07 03:02:14,Y
325,241,40,144,1,Voluptatem officiis ratione quod earum,Iusto sequi esse corporis ex explicabo quia ipsum incidunt hic impedit quis illo.,2023-07-19 04:05:15,Y,2023-07-19 04:05:15,2023-08-13 04:05:15,Y
326,40,165,415,4,Explicabo rem voluptate quisquam,Repellendus dicta optio ducimus rerum ad incidunt fugit nam.,2023-01-31 13:55:52,Y,2023-01-31 13:55:52,2023-06-18 13:55:52,Y
327,192,64,60,5,Reiciendis nulla ipsam,Autem doloribus eveniet laboriosam quam iusto voluptas aliquid optio porro tenetur laborum eius non.,2024-09-06 17:10:28,Y,2024-09-06 17:10:28,2024-11-03 17:10:28,Y
328,162,114,143,5,Animi animi exercitationem modi,Unde beatae consequatur quibusdam eveniet quod impedit corrupti corrupti error dicta at doloribus nemo quis ea minus.,2023-05-23 07:42:13,Y,2023-05-23 07:42:13,2023-09-08 07:42:13,Y
329,263,119,153,3,Porro consequuntur quo,Vero facere quo quibusdam dolor eum dolorem facere dicta voluptas ea nobis ut consequuntur odit.,2025-01-09 00:25:34,Y,2025-01-09 00:25:34,2025-01-15 00:25:34,Y
330,57,6,333,4,Id laborum aliquid minus,Fuga natus voluptatum vero sit eveniet molestiae eligendi ex architecto asperiores at nam beatae culpa maiores sed nemo.,2025-03-11 10:31:23,Y,2025-03-11 10:31:23,2025-03-17 10:31:23,Y
331,196,141,477,1,Nostrum voluptatibus quibusdam quisquam,Repellendus iure suscipit voluptatibus corrupti ex delectus nemo iste quos qui veniam suscipit illo eos numquam harum.,2023-10-11 01:10:34,Y,2023-10-11 01:10:34,2024-01-16 01:10:34,Y
332,180,6,333,5,Dolore incidunt,Sequi nesciunt quisquam minus officiis dicta reprehenderit unde tempora quaerat nemo deleniti corporis.,2023-09-10 03:30:11,Y,2023-09-10 03:30:11,2023-11-01 03:30:11,Y
333,254,171,401,5,Delectus ad nobis,Quod molestiae veritatis eveniet et dolorem distinctio esse incidunt.,2022-10-16 11:31:58,Y,2022-10-16 11:31:58,2022-11-29 11:31:58,Y
334,40,56,397,4,Doloremque ullam quo,Consequatur tempore ipsam rerum fugiat ipsam quia qui fugit.,2023-05-22 01:26:10,Y,2023-05-22 01:26:10,2023-12-01 01:26:10,Y
335,245,57,357,5,Ipsa dicta quo nihil,At cupiditate totam quam commodi quidem blanditiis laudantium non quibusdam et.,2025-01-18 11:31:17,Y,2025-01-18 11:31:17,2025-07-28 11:31:17,Y
336,21,62,298,5,Distinctio at magni,Ducimus beatae itaque ab rem id similique explicabo veniam saepe ipsa sed error voluptatum assumenda officia harum iusto.,2023-10-16 11:09:07,Y,2023-10-16 11:09:07,2023-11-08 11:09:07,Y
337,104,43,261,3,Quas tempore aliquid,Debitis ab maxime consequuntur iusto aliquam nisi distinctio qui eos nulla reprehenderit in.,2024-03-04 03:23:40,Y,2024-03-04 03:23:40,2024-07-12 03:23:40,Y
338,27,65,342,5,Vel vitae quia,Facilis unde ratione adipisci dignissimos illo fuga sapiente numquam adipisci ad adipisci.,2022-01-23 13:00:59,Y,2022-01-23 13:00:59,2022-04-30 13:00:59,Y
339,219,154,292,5,Alias sit totam aliquid,Quis quam cumque aut expedita dolore in architecto voluptas iure impedit tempore ipsam sequi repellat a.,2025-01-06 22:56:22,Y,2025-01-06 22:56:22,2025-04-08 22:56:22,Y
340,192,64,60,5,Iusto temporibus consectetur omnis,Vero pariatur atque laudantium rerum necessitatibus commodi maiores rem consequuntur omnis quia quaerat eligendi nostrum.,2024-07-23 05:24:08,Y,2024-07-23 05:24:08,2024-09-19 05:24:08,Y
341,230,48,76,1,Dolorem delectus optio,Quae iure nihil maxime voluptates eaque tempore eveniet fugiat corporis qui sed quibusdam reiciendis odio.,2025-04-25 17:06:34,Y,2025-04-25 17:06:34,2025-08-23 17:06:34,Y
342,217,141,173,5,Voluptatem accusamus odio,Cum eum nemo laborum exercitationem occaecati repellendus neque iste dolor numquam molestias blanditiis.,2022-05-21 22:59:40,Y,2022-05-21 22:59:40,2022-06-26 22:59:40,Y
343,46,5,133,5,Omnis maiores excepturi,Ducimus rem laborum molestias optio pariatur exercitationem maxime aperiam facilis odit vitae.,2022-01-29 19:30:56,Y,2022-01-29 19:30:56,2022-03-02 19:30:56,Y
344,43,86,121,5,Atque voluptate rerum,Mollitia eos sit esse ipsa voluptates assumenda sint magnam id velit.,2022-05-02 03:21:56,Y,2022-05-02 03:21:56,2022-05-17 03:21:56,Y
345,241,40,144,4,Deserunt saepe dolore accusantium quasi,Minima quod natus minus aliquid modi molestiae possimus voluptatum cumque culpa perspiciatis odio similique dolorem.,2025-02-28 20:15:42,Y,2025-02-28 20:15:42,2025-08-05 20:15:42,Y
346,186,77,125,5,Molestiae veritatis incidunt,Eius vero veniam eos tempore voluptas tempora iusto consequatur vel a dolorum.,2023-06-20 16:33:59,Y,2023-06-20 16:33:59,2023-08-03 16:33:59,Y
347,217,50,124,5,Pariatur dignissimos quasi nisi architecto,Consequuntur laboriosam cum voluptas voluptate voluptatem hic cum in nihil dolorum expedita dolorem veniam consequuntur illo.,2025-02-08 05:26:37,Y,2025-02-08 05:26:37,2025-03-08 05:26:37,Y
348,46,179,22,4,Velit corrupti ipsam perferendis quis,Odio maxime minima quo nisi doloremque ipsa reprehenderit molestiae.,2023-09-27 01:04:35,Y,2023-09-27 01:04:35,2023-12-14 01:04:35,Y
349,64,162,266,5,Iste architecto voluptatem tenetur exercitationem,Veniam aliquam saepe ducimus occaecati incidunt cumque quae sint laborum enim minima at quasi.,2024-09-24 12:55:06,Y,2024-09-24 12:55:06,2024-10-01 12:55:06,Y
350,266,191,226,5,Sint dolores sed libero praesentium,In odit sint eius quam eius dolorum magni in saepe voluptatem assumenda aut rem doloribus libero nihil.,2026-01-01 19:11:47,Y,2026-01-01 19:11:47,2026-01-09 19:11:47,Y
